"absorbed_longwave","alpha","canopy_assimilation_rate","canopy_conductance","canopy_height","canopy_photorespiration_rate","canopy_transpiration_rate","cosine_zenith_angle","cws1","cws2","doy","gbw_canopy","gmst","Grain","GrossAssim","hour","julian_date","kGrain","kLeaf","kRhizome","kRoot","kStem","lai","Leaf","leafdeathrate","LeafLitter","LeafWS","lha","lmst","ncalls","net_assimilation_rate_grain","net_assimilation_rate_leaf","net_assimilation_rate_rhizome","net_assimilation_rate_root","net_assimilation_rate_stem","precip","rh","Rhizome","rhizome_senescence_index","RhizomeLitter","Root","root_senescence_index","RootLitter","Shell","soil_evaporation_rate","soil_water_content","solar","solar_azimuth_angle","solar_dec","solar_ell","solar_ep","solar_g","solar_L","solar_ra","solar_zenith_angle","Sp","Stem","stem_senescence_index","StemLitter","StomataWS","temp","time","time_zone_offset","TTc","vmax","windspeed","year","nrow"
325.57,0,-3.737e-06,0.00176,0.0073333,0,0.0017662,-0.56247,0.32,0.32,123,0.0062127,20.749,0,0,0,2453500,0,0.98,-8e-04,0.01,0.01,0.022,0.02,5,0,1,182.78,14.883,4296,0,0,0,0,0,0,0.68,0.99,0,0,1,0,0,0,7.0021,0.32,0,363.24,15.713,42.911,23.438,118.22,41.24,40.461,124.23,1.1,0.99,0,0,1,2.12,2928,-6,0,100,3.22,2005,4296
346.89,0,-1.0237e-05,0.0036405,0.015488,0,0.0095246,-0.55825,0.30999,0.32,124,0.005,20.815,0,0,0,2453500,0,0.98,-8e-04,0.01,0.01,0.046463,0.042239,5,0,0.98442,182.8,14.948,4296,0,0,0,0,0,0,0.34,0.97117,24,0,1.0002,0,0,0,6.5957,0.3175,0,363.25,16.004,43.881,23.438,119.2,42.226,41.423,123.93,1.1,0.99023,0,0,0.97914,6.52,2952,-6,7.425,100,1.84,2005,4296
356.97,0,-1.9308e-05,0.0056842,0.024621,0,0.017317,-0.55408,0.30151,0.32,125,0.010363,20.881,0,0,0,2453500,0,0.98,-8e-04,0.01,0.01,0.073862,0.067148,5,0,0.97131,182.83,15.014,4296,0,0,0,0,0,0,0.44,0.95269,48,0,1.0005,0,0,0,10.521,0.31538,0,363.26,16.291,44.85,23.438,120.19,43.212,42.386,123.65,1.1,0.99048,0,0,0.96147,8.53,2976,-6,18.755,100,4.06,2005,4296
366.55,0,-3.1364e-05,0.0078218,0.034773,0,0.024304,-0.54996,0.28949,0.32,126,0.012066,20.947,0,0,0,2453500,0,0.98,-8e-04,0.01,0.01,0.10432,0.094835,5,0,0.9529,182.85,15.08,4296,0,0,0,0,0,0,0.51,0.93457,72,0,1.0008,0,0,0,11.486,0.31237,0,363.27,16.574,45.818,23.438,121.17,44.197,43.352,123.36,1.1,0.99077,0,0,0.93645,10.4,3000,-6,33.164,100,4.33,2005,4296
400.78,0,-6.3544e-05,0.0098796,0.04551,0,0.0463,-0.5459,0.27359,0.32,127,0.019392,21.012,0,0,0,2453500,0,0.98,-8e-04,0.01,0.01,0.13653,0.12412,5,0,0.9288,182.86,15.146,4296,0,0,0,0,0,0,0.54,0.91679,96,0,1.0011,0,0,0,17.233,0.3084,0,363.27,16.851,46.786,23.438,122.16,45.183,44.32,123.09,1.1,0.99108,0,0,0.90331,16.8,3024,-6,50.714,100,6.48,2005,4296
400.78,0,-7.9787e-05,0.01209,0.057716,0,0.046289,-0.54189,0.25816,0.32,128,0.011788,21.078,0,0,0,2453500,0,0.98,-8e-04,0.01,0.01,0.17315,0.15741,5,0,0.90571,182.88,15.211,4296,0,0,0,0,0,0,0.59,0.89934,120,0,1.0014,0,0,0,12.651,0.30454,0,363.27,17.124,47.754,23.438,123.14,46.169,45.291,122.81,1.1,0.99143,0,0,0.87117,16.8,3048,-6,71.805,100,3.69,2005,4296
408.01,0,-0.00010801,0.014212,0.070625,0,0.058836,-0.53795,0.24148,0.32,129,0.016847,21.144,0,0,0,2453500,0,0.98,-8e-04,0.01,0.01,0.21188,0.19261,5,0,0.88108,182.89,15.277,4296,0,0,0,0,0,0,0.62,0.88224,144,0,1.0018,0,0,0,14.866,0.30037,0,363.27,17.393,48.721,23.438,124.13,47.154,46.264,122.54,1.1,0.99181,0,0,0.83642,18.1,3072,-6,93.585,100,4.98,2005,4296
400.23,0,-0.0001188,0.015951,0.082255,0,0.026341,-0.53406,0.22667,0.32,130,0.017118,21.209,0,0,0,2453500,0,0.98,-8e-04,0.01,0.01,0.24677,0.22433,5,0,0.85948,182.9,15.343,4296,0,0,0,0,0,0,0.84,0.86545,168,0,1.0021,0,0,0,13.631,0.29667,0,363.27,17.656,49.688,23.438,125.12,48.14,47.239,122.28,1.1,0.99216,0,0,0.80556,16.7,3096,-6,113.71,100,4.84,2005,4296
421.63,0,-0.00017471,0.018229,0.096868,0,0.06944,-0.53024,0.21505,0.32,131,0.017011,21.275,0,0,0,2453500,0,0.98,-8e-04,0.01,0.01,0.2906,0.26419,5,0,0.84274,182.91,15.408,4296,0,0,0,0,0,0,0.7,0.84899,192,0,1.0025,0,0,0,14.434,0.29376,0,363.27,17.915,50.654,23.438,126.1,49.126,48.217,122.02,1.1,0.99261,0,0,0.78136,20.5,3120,-6,136.85,100,4.58,2005,4296
368.1,0,-0.00010833,0.020538,0.11114,0,0.0093466,-0.52649,0.2082,0.32,132,0.037503,21.341,0,0,0,2453500,0,0.98,-8e-04,0.01,0.01,0.33341,0.3031,5,0,0.83294,182.91,15.474,4296,0,0,0,0,0,0.0106,0.94,0.83284,216,0,1.003,0,0,0,14.616,0.29205,0,363.26,18.168,51.62,23.438,127.09,50.111,49.197,121.77,1.1,0.99305,0,0,0.76709,10.7,3144,-6,157.26,100,9.68,2005,4296
383.91,0,-0.00015218,0.0234,0.12804,0,0.031625,-0.5228,0.20405,0.32,133,0.023899,21.406,0,0,0,2453500,0,0.98,-8e-04,0.01,0.01,0.38412,0.3492,5,0,0.82704,182.92,15.54,4296,0,0,0,0,0,0,0.85,0.81699,240,0,1.0035,0,0,0,12.334,0.29101,0,363.25,18.417,52.585,23.438,128.07,51.097,50.18,121.52,1.1,0.99358,0,0,0.75845,13.7,3168,-6,172.33,100,5.9,2005,4296
400.23,0,-0.00020261,0.026115,0.14386,0,0.056534,-0.51918,0.20159,0.32,134,0.0089154,21.472,0,0,0,2453500,0,0.98,-8e-04,0.01,0.01,0.43157,0.39234,5,0,0.82354,182.92,15.606,4296,0,0,0,0,0,0,0.76,0.80145,264,0,1.004,0,0,0,7.9205,0.2904,0,363.24,18.66,53.55,23.438,129.06,52.082,51.165,121.28,1.1,0.99408,0,0,0.75332,16.7,3192,-6,191.14,100,2.12,2005,4296
354.5,0,-0.0001272,0.028928,0.15977,0,0.054271,-0.51563,0.20063,0.32,135,0.017498,21.538,0,0,0,2453500,0,0.98,-8e-04,0.01,0.01,0.4793,0.43573,5,0,0.82218,182.92,15.671,4296,0,0,0,0,0,0,0.69,0.7862,288,0,1.0045,0,0,0,7.6326,0.29016,0,363.22,18.898,54.514,23.438,130.04,53.068,52.152,121.04,1.1,0.99459,0,0,0.75131,8.04,3216,-6,206.23,100,4.02,2005,4296
362.17,0,-0.00015528,0.031999,0.17692,0,0.080052,-0.51215,0.20024,0.32,136,0.015719,21.604,0,0,0,2453500,0,0.98,-8e-04,0.01,0.01,0.53076,0.48251,5,0,0.82162,182.91,15.737,4296,0,0,0,0,0,0,0.62,0.77124,312,0,1.005,0,0,0,7.3335,0.29006,0,363.2,19.13,55.479,23.438,131.03,54.054,53.142,120.81,1.1,0.99514,0,0,0.75049,9.55,3240,-6,216.68,100,3.49,2005,4296
371.22,0,-0.00019812,0.036011,0.19923,0,0.085971,-0.50875,0.2,0.32,137,0.017545,21.669,0,0,0,2453500,0,0.98,-8e-04,0.01,0.01,0.5977,0.54336,5,0,0.82128,182.91,15.803,4296,0,0,0,0,0,0,0.68,0.75657,336,0,1.0057,0,0,0,7.7771,0.29,0,363.19,19.358,56.442,23.438,132.01,55.039,54.134,120.58,1.1,0.99586,0,0,0.74999,11.3,3264,-6,229.38,100,3.74,2005,4296
379.65,0,-0.00024844,0.040496,0.22405,0,0.10834,-0.50542,0.19999,0.32,138,0.019847,21.735,0,0,0,2453500,0,0.98,-8e-04,0.01,0.01,0.67215,0.61104,5,0,0.82128,182.9,15.868,4296,0,0,0,0,0,0,0.68,0.74218,360,0,1.0065,0,0,0,8.1798,0.29,0,363.16,19.58,57.406,23.438,133,56.025,55.128,120.36,1.1,0.99667,0,0,0.74999,12.9,3288,-6,245.79,100,4.06,2005,4296
418.19,0,-0.00042394,0.044446,0.2459,0,0.26415,-0.50217,0.19999,0.32,139,0.023048,21.801,0,0,0,2453500,0,0.98,0.007,0.003,0.01,0.73771,0.67065,5,0,0.82127,182.89,15.934,4296,0,0,0,0,0,0.783,0.54,0.7372,369,0,1.0068,0,0,0,10.424,0.29,0,363.14,19.796,58.369,23.438,133.99,57.011,56.124,120.14,1.1,0.9974,0,0,0.74997,19.9,3312,-6,265.19,100,4.56,2005,4296
390.92,0,-0.00034567,0.04871,0.2656,0,0.010783,-0.499,0.20536,0.32,140,0.010501,21.866,0,0,0,2453500,0,0.98,0.007,0.003,0.01,0.79679,0.72435,5,0,0.8289,182.87,16,4296,0,0,0,0,0,0.0106,0.97,0.73763,369,0,1.007,0,0,0,5.6962,0.29134,0,363.12,20.006,59.331,23.438,134.97,57.996,57.123,119.93,1.1,0.99806,0,0,0.76117,15,3336,-6,285.62,100,2.02,2005,4296
375.94,0,-0.00030318,0.051322,0.28131,0,0.036896,-0.49591,0.20343,0.32,141,0.018747,21.932,0,0,0,2453500,0,0.98,0.007,0.003,0.01,0.84392,0.7672,5,0,0.82615,182.86,16.066,4296,0,0,0,0,0,0.0106,0.91,0.73799,369,0,1.0072,0,0,0,6.6034,0.29086,0,363.09,20.211,60.293,23.438,135.96,58.982,58.124,119.73,1.1,0.99859,0,0,0.75714,12.2,3360,-6,301.23,100,3.53,2005,4296
397.47,0,-0.00042318,0.055419,0.30491,0,0.12069,-0.4929,0.20204,0.32,142,0.015164,21.998,0,0,0,2453500,0,0.98,0.007,0.003,0.01,0.91473,0.83158,5,0,0.82418,182.84,16.131,4296,0,0,0,0,0,0,0.78,0.73852,369,0,1.0074,0,0,0,6.4134,0.29051,0,363.06,20.411,61.255,23.438,136.94,59.968,59.128,119.53,1.1,0.99939,0,0,0.75424,16.2,3384,-6,318.11,100,2.77,2005,4296
399.67,0,-0.00046824,0.06038,0.33354,0,0.24599,-0.48998,0.20056,0.32,143,0.020004,22.064,0,0,0,2453500,0,0.98,0.007,0.003,0.01,1.0006,0.90965,5,0,0.82209,182.82,16.197,4296,0,0,0,0,0,0,0.61,0.73916,369,0,1.0077,0,0,0,6.9275,0.29014,0,363.03,20.604,62.217,23.438,137.93,60.953,60.133,119.34,1.1,1.0004,0,0,0.75118,16.6,3408,-6,339.1,100,3.53,2005,4296
375.94,0,-0.00038254,0.064592,0.35736,0,0.087369,-0.48714,0.2,0.32,144,0.018689,22.129,0,0,0,2453500,0,0.15,0.105,0.045,0.7,1.0721,0.97462,5,0,0.82128,182.8,16.263,4296,0,0,0,0,0,0,0.83,0.74355,369,0,1.0095,0,0,0,5.3921,0.29,0,363,20.791,63.178,23.438,138.91,61.939,61.141,119.15,1.1,1.0289,0,0,0.74999,12.2,3432,-6,359.15,100,3.21,2005,4296
377,0,-0.00039019,0.065478,0.36226,0,0.14379,-0.48439,0.19999,0.32,145,0.020898,22.195,0,0,0,2453500,0,0.15,0.105,0.045,0.7,1.0868,0.98799,5,0,0.82128,182.77,16.328,4296,0,0,0,0,0,0,0.73,0.75449,369,0,1.0142,0,0,0,5.6776,0.29,0,362.96,20.973,64.138,23.438,139.9,62.925,62.151,118.97,1.1,1.1049,0,0,0.74998,12.4,3456,-6,375.27,100,3.57,2005,4296
390.38,0,-0.00046107,0.06634,0.36703,0,0.24247,-0.48172,0.19999,0.32,146,0.019124,22.261,0,0,0,2453500,0,0.15,0.105,0.045,0.7,1.1011,1.001,5,0,0.82127,182.75,16.394,4296,0,0,0,0,0,0,0.61,0.76514,369,0,1.0188,0,0,0,5.8688,0.29,0,362.93,21.148,65.099,23.438,140.89,63.91,63.163,118.8,1.1,1.1788,0,0,0.74998,14.9,3480,-6,391.65,100,3.25,2005,4296
387.13,0,-0.00044635,0.06711,0.3713,0,0.27382,-0.47915,0.19999,0.32,147,0.019981,22.326,0,0,0,2453500,0,0.15,0.105,0.045,0.7,1.1139,1.0126,5,0,0.82127,182.72,16.46,4296,0,0,0,0,0,0,0.55,0.77459,369,0,1.0229,0,0,0,5.816,0.29,0,362.89,21.318,66.059,23.438,141.87,64.896,64.176,118.63,1.1,1.2449,0,0,0.74997,14.3,3504,-6,409.98,100,3.38,2005,4296
385.52,0,-0.00045213,0.067984,0.37613,0,0.17635,-0.47667,0.19999,0.32,148,0.028284,22.392,0,0,0,2453500,0,0.15,0.105,0.045,0.7,1.1284,1.0258,5,0,0.82128,182.69,16.525,4296,0,0,0,0,0,0,0.72,0.78528,369,0,1.0274,0,0,0,6.7517,0.29,0,362.85,21.481,67.019,23.438,142.86,65.882,65.192,118.47,1.1,1.3198,0,0,0.74998,14,3528,-6,428.18,100,4.76,2005,4296
378.59,0,-0.00040307,0.068884,0.38112,0,0.20489,-0.47428,0.19999,0.32,149,0.0071683,22.458,0,0,0,2453500,0,0.15,0.105,0.045,0.7,1.1433,1.0394,5,0,0.82127,182.66,16.591,4296,0,0,0,0,0,0,0.57,0.79638,369,0,1.0322,0,0,0,3.2079,0.29,0,362.81,21.638,67.978,23.438,143.84,66.867,66.21,118.31,1.1,1.3971,0,0,0.74997,12.7,3552,-6,445.12,100,1.2,2005,4296
404.66,0,-0.00056501,0.069726,0.38577,0,0.24199,-0.47198,0.19999,0.32,150,0.011466,22.524,0,0,0,2453500,0,0.15,0.105,0.045,0.7,1.1573,1.0521,5,0,0.82127,182.62,16.657,4296,0,0,0,0,0,0,0.65,0.80665,369,0,1.0366,0,0,0,4.7107,0.29,0,362.76,21.789,68.937,23.438,144.83,67.853,67.229,118.16,1.1,1.4692,0,0,0.74997,17.5,3576,-6,463.74,100,1.91,2005,4296
396.92,0,-0.00052181,0.070652,0.3909,0,0.35031,-0.46978,0.19998,0.32,151,0.018527,22.589,0,0,0,2453500,0,0.15,0.105,0.045,0.7,1.1727,1.0661,5,0,0.82127,182.59,16.723,4296,0,0,0,0,0,0,0.5,0.81792,369,0,1.0414,0,0,0,5.6603,0.29,0,362.72,21.933,69.896,23.438,145.81,68.838,68.251,118.02,1.1,1.5487,0,0,0.74997,16.1,3600,-6,483.9,100,3.07,2005,4296
406.34,0,-0.00059881,0.071681,0.39659,0,0.32793,-0.46767,0.19998,0.32,152,0.019972,22.655,0,0,0,2453500,0,0.15,0.105,0.045,0.7,1.1898,1.0816,5,0,0.82127,182.55,16.788,4296,0,0,0,0,0,0,0.59,0.83039,369,0,1.0468,0,0,0,6.108,0.29,0,362.67,22.071,70.854,23.438,146.8,69.824,69.274,117.88,1.1,1.6369,0,0,0.74996,17.8,3624,-6,504.42,100,3.29,2005,4296
418.19,0,-0.00069953,0.072583,0.40158,0,0.34862,-0.46566,0.19999,0.32,153,0.024162,22.721,0,0,0,2453500,0,0.15,0.105,0.045,0.7,1.2047,1.0952,5,0,0.82127,182.51,16.854,4296,0,0,0,0,0,0.0317,0.63,0.84125,369,0,1.0514,0,0,0,7.0644,0.29,0,362.63,22.203,71.813,23.438,147.78,70.81,70.298,117.75,1.1,1.7143,0,0,0.74997,19.9,3648,-6,526.35,100,3.96,2005,4296
402.44,0,-0.00060485,0.073069,0.40416,0,0.018054,-0.46375,0.20008,0.32,154,0.0097879,22.786,0,0,0,2453500,0,0.15,0.105,0.045,0.7,1.2125,1.1023,5,0,0.82141,182.47,16.92,4296,0,0,0,0,0,0,0.97,0.84702,369,0,1.0539,0,0,0,4.0877,0.29002,0,362.58,22.328,72.771,23.438,148.77,71.795,71.325,117.63,1.1,1.7542,0,0,0.75017,17.1,3672,-6,544.2,100,1.6,2005,4296
405.22,0,-0.00063114,0.073613,0.40727,0,0.057965,-0.46193,0.2,0.32,155,0.020558,22.852,0,0,0,2453500,0,0.15,0.105,0.045,0.7,1.2218,1.1107,5,0,0.82128,182.43,16.985,4296,0,0,0,0,0,0,0.93,0.85389,369,0,1.0568,0,0,0,5.9728,0.29,0,362.53,22.447,73.728,23.438,149.76,72.781,72.352,117.51,1.1,1.8023,0,0,0.74999,17.6,3696,-6,563.83,100,3.35,2005,4296
443.88,0,-0.0009646,0.074568,0.41257,0,0.34243,-0.46022,0.19998,0.32,156,0.037139,22.918,0,0,0,2453500,0,0.15,0.105,0.045,0.7,1.2377,1.1252,5,0,0.82127,182.39,17.051,4296,0,0,0,0,0,0,0.74,0.86523,369,0,1.0617,0,0,0,9.6262,0.29,0,362.48,22.559,74.686,23.438,150.74,73.767,73.381,117.4,1.1,1.8845,0,0,0.74997,24.3,3720,-6,588.09,100,6.02,2005,4296
436.76,0,-0.00089195,0.075399,0.41717,0,0.44956,-0.45861,0.19998,0.32,157,0.031483,22.984,0,0,0,2453500,0,0.15,0.105,0.045,0.7,1.2515,1.1377,5,0,0.82126,182.34,17.117,4296,0,0,0,0,0,0,0.63,0.87494,369,0,1.0659,0,0,0,8.4881,0.28999,0,362.43,22.665,75.643,23.438,151.73,74.752,74.412,117.3,1.1,1.9558,0,0,0.74996,23.1,3744,-6,615.33,100,5.08,2005,4296
423.93,0,-0.00079419,0.076375,0.42256,0,0.23629,-0.4571,0.19999,0.32,158,0.019501,23.049,0,0,0,2453500,0,0.15,0.105,0.045,0.7,1.2677,1.1524,5,0,0.82127,182.29,17.183,4296,0,0,0,0,0,0,0.77,0.88643,369,0,1.0708,0,0,0,6.1862,0.29,0,362.38,22.764,76.6,23.438,152.71,75.738,75.444,117.2,1.1,2.0394,0,0,0.74997,20.9,3768,-6,640.73,100,3.13,2005,4296
436.76,0,-0.00090391,0.077274,0.42754,0,0.36572,-0.45569,0.19998,0.32,159,0.018031,23.115,0,0,0,2453500,0,0.15,0.105,0.045,0.7,1.2826,1.166,5,0,0.82126,182.25,17.248,4296,0,0,0,0,0,0,0.68,0.89697,369,0,1.0753,0,0,0,6.2541,0.29,0,362.33,22.856,77.556,23.438,153.7,76.724,76.477,117.11,1.1,2.1166,0,0,0.74996,23.1,3792,-6,666.98,100,2.88,2005,4296
418.77,0,-0.00078056,0.078102,0.4321,0,0.10287,-0.45438,0.2,0.32,160,0.024022,23.181,0,0,0,2453500,0,0.15,0.105,0.045,0.7,1.2963,1.1785,5,0,0.82128,182.2,17.314,4296,0,0,0,0,0,0,0.9,0.90664,369,0,1.0794,0,0,0,6.521,0.29,0,362.27,22.942,78.513,23.438,154.68,77.709,77.511,117.03,1.1,2.1873,0,0,0.74999,20,3816,-6,691.58,100,3.82,2005,4296
443.29,0,-0.0010216,0.079105,0.43766,0,0.19052,-0.45318,0.19999,0.32,161,0.017638,23.246,0,0,0,2453500,0,0.15,0.105,0.045,0.7,1.313,1.1936,5,0,0.82128,182.15,17.38,4296,0,0,0,0,0,0.0635,0.85,0.9185,369,0,1.0845,0,0,0,6.2026,0.29,0,362.22,23.02,79.469,23.438,155.67,78.695,78.546,116.95,1.1,2.2734,0,0,0.74998,24.2,3840,-6,716.84,100,2.79,2005,4296
427.98,0,-0.00088771,0.079948,0.44221,0,0.094232,-0.45208,0.20009,0.32,162,0.027937,23.312,0,0,0,2453500,0,0.15,0.105,0.045,0.7,1.3266,1.206,5,0,0.82141,182.1,17.445,4296,0,0,0,0,0,0.0423,0.92,0.92821,369,0,1.0887,0,0,0,7.1778,0.29002,0,362.16,23.093,80.425,23.438,156.65,79.681,79.582,116.88,1.1,2.3439,0,0,0.75018,21.6,3864,-6,742.17,100,4.4,2005,4296
428.56,0,-0.00090072,0.08086,0.4473,0,0.11738,-0.45108,0.20005,0.32,163,0.02367,23.378,0,0,0,2453500,0,0.15,0.105,0.045,0.7,1.3419,1.2199,5,0,0.82136,182.05,17.511,4296,0,0,0,0,0,0,0.9,0.93932,369,0,1.0935,0,0,0,6.5426,0.29001,0,362.11,23.158,81.381,23.438,157.64,80.666,80.619,116.81,1.1,2.4228,0,0,0.7501,21.7,3888,-6,765.27,100,3.71,2005,4296
417.05,0,-0.00080193,0.08158,0.45135,0,0.025868,-0.45019,0.2,0.32,164,0.014665,23.443,0,0,0,2453500,0,0.15,0.105,0.045,0.7,1.354,1.2309,5,0,0.82129,182,17.577,4296,0,0,0,0,0,0,0.97,0.9482,369,0,1.0973,0,0,0,4.8085,0.29,0,362.05,23.217,82.336,23.438,158.63,81.652,81.656,116.76,1.1,2.4855,0,0,0.74999,19.7,3912,-6,787.39,100,2.29,2005,4296
418.19,0,-0.00082182,0.082589,0.45693,0,0.11383,-0.44941,0.2,0.32,165,0.046221,23.509,0,0,0,2453500,0,0.15,0.105,0.045,0.7,1.3708,1.2462,5,0,0.82128,181.94,17.643,4296,0,0,0,0,0,1.66,0.9,0.96012,369,0,1.1024,0,0,0,8.4737,0.29,0,362,23.268,83.292,23.438,159.61,82.638,82.695,116.71,1.1,2.572,0,0,0.74999,19.9,3936,-6,811.19,100,7.18,2005,4296
411.95,0,-0.00077291,0.086655,0.46357,0,0.15223,-0.44873,0.21251,0.32,166,0.031802,23.575,0,0,0,2453500,0,0.15,0.105,0.045,0.7,1.3907,1.2643,5,0,0.8391,181.89,17.708,4296,0,0,0,0,0,0,0.86,0.97454,369,0,1.1085,0,0,0,6.7117,0.29313,0,361.94,23.313,84.247,23.438,160.6,83.623,83.733,116.66,1.1,2.6738,0,0,0.77606,18.8,3960,-6,832.6,100,4.91,2005,4296
393.64,0,-0.00063233,0.086905,0.47036,0,0.073824,-0.44816,0.20813,0.32,167,0.014468,23.641,0,0,0,2453500,0,0.15,0.105,0.045,0.7,1.4111,1.2828,5,0,0.83284,181.84,17.774,4296,0,0,0,0,0,0,0.91,0.98918,369,0,1.1148,0,0,0,4.0039,0.29203,0,361.89,23.351,85.202,23.438,161.58,84.609,84.773,116.63,1.1,2.7771,0,0,0.76694,15.5,3984,-6,853.71,100,2.22,2005,4296
400.78,0,-0.00067813,0.087533,0.47693,0,0.33848,-0.44769,0.20564,0.32,168,0.019143,23.706,0,0,0,2453500,0,0.15,0.105,0.045,0.7,1.4308,1.3007,5,0,0.82929,181.78,17.84,4296,0,0,0,0,0,0,0.63,1.0035,369,0,1.121,0,0,0,4.7375,0.29141,0,361.83,23.382,86.157,23.438,162.57,85.595,85.812,116.6,1.1,2.8777,0,0,0.76175,16.8,4008,-6,872.78,100,2.92,2005,4296
382.84,0,-0.00056125,0.088102,0.48275,0,0.14618,-0.44734,0.20354,0.32,169,0.014102,23.772,0,0,0,2453500,0,0.15,0.105,0.045,0.7,1.4483,1.3166,5,0,0.82631,181.73,17.905,4296,0,0,0,0,0,0,0.8,1.0164,369,0,1.1265,0,0,0,3.5785,0.29089,0,361.77,23.407,87.111,23.438,163.55,86.58,86.852,116.57,1.1,2.9672,0,0,0.75738,13.5,4032,-6,890.95,100,2.14,2005,4296
392,0,-0.00063757,0.088903,0.48903,0,0.14495,-0.44708,0.20212,0.32,170,0.012392,23.838,0,0,0,2453500,0,0.15,0.105,0.045,0.7,1.4671,1.3337,5,0,0.82429,181.67,17.971,4296,0,0,0,0,0,0,0.82,1.0303,369,0,1.1324,0,0,0,3.5006,0.29053,0,361.72,23.424,88.066,23.438,164.54,87.566,87.892,116.56,1.1,3.0639,0,0,0.75441,15.2,4056,-6,908.25,100,1.87,2005,4296
408.01,0,-0.00076302,0.089814,0.49583,0,0.28341,-0.44694,0.20079,0.32,171,0.013133,23.903,0,0,0,2453500,0,0.15,0.105,0.045,0.7,1.4875,1.3523,5,0,0.82241,181.62,18.037,4296,0,0,0,0,0,0,0.7,1.0452,369,0,1.1388,0,0,0,3.8926,0.2902,0,361.66,23.435,89.02,23.438,165.53,88.551,88.932,116.55,1.1,3.169,0,0,0.75164,18.1,4080,-6,927.96,100,1.97,2005,4296
405.78,0,-0.00077176,0.090773,0.50222,0,0.22732,-0.4469,0.19999,0.32,172,0.023462,23.969,0,0,0,2453500,0,0.15,0.105,0.045,0.7,1.5067,1.3697,5,0,0.82127,181.57,18.103,4296,0,0,0,0,0,0,0.78,1.0592,369,0,1.1448,0,0,0,5.0533,0.29,0,361.61,23.438,89.975,23.438,166.51,89.537,89.972,116.55,1.1,3.268,0,0,0.74997,17.7,4104,-6,949.98,100,3.5,2005,4296
433.82,0,-0.0010561,0.091925,0.50859,0,0.39904,-0.44697,0.19999,0.32,173,0.021704,0.034886,0,0,0,2453500,0,0.15,0.105,0.045,0.7,1.5258,1.3871,5,0,0.82127,-178.49,-5.8318,4296,0,0,0,0,0,0,0.71,1.0729,369,0,1.1507,0,0,0,5.5266,0.29,0,1.5497,23.435,90.929,23.438,167.5,90.523,91.012,116.55,1.1,3.3668,0,0,0.74997,22.6,4128,-6,972.98,100,3.22,2005,4296
423.36,0,-0.0009537,0.093,0.51455,0,0.40754,-0.44714,0.19998,0.32,174,0.024592,0.1006,0,0,0,2453500,0,0.15,0.105,0.045,0.7,1.5436,1.4033,5,0,0.82126,-178.54,-5.7661,4296,0,0,0,0,0,0,0.68,1.0857,369,0,1.1562,0,0,0,5.5113,0.29,0,1.4945,23.425,91.883,23.438,168.48,91.508,92.052,116.56,1.1,3.4591,0,0,0.74996,20.8,4152,-6,998.01,100,3.63,2005,4296
439.72,0,-0.0011648,0.094094,0.5206,0,0.31926,-0.44743,0.19998,0.32,175,0.02465,0.16631,0,0,0,2453500,0,0.15,0.105,0.045,0.7,1.5618,1.4198,5,0,0.82127,-178.6,-5.7004,4296,0,0,0,0,0,0,0.79,1.0985,369,0,1.1617,0,0,0,5.8727,0.29,0,1.4397,23.408,92.837,23.438,169.47,92.494,93.092,116.58,1.1,3.5529,0,0,0.74997,23.6,4176,-6,1023.4,100,3.62,2005,4296
438.53,0,-0.0011704,0.095185,0.52663,0,0.24089,-0.44782,0.19998,0.32,176,0.022448,0.23202,0,0,0,2453500,0,0.15,0.105,0.045,0.7,1.5799,1.4363,5,0,0.82127,-178.65,-5.6347,4296,0,0,0,0,0,0,0.84,1.1112,369,0,1.1671,0,0,0,5.4889,0.29,0,1.3856,23.384,93.791,23.438,170.45,93.48,94.131,116.6,1.1,3.6464,0,0,0.74997,23.4,4200,-6,1050.9,100,3.28,2005,4296
441.5,0,-0.0011807,0.096163,0.53204,0,0.32415,-0.44831,0.19999,0.32,177,0.0085249,0.29773,0,0,0,2453500,0,0.15,0.105,0.045,0.7,1.5961,1.451,5,0,0.82127,-178.7,-5.5689,4296,0,0,0,0,0,0,0.75,1.1225,369,0,1.172,0,0,0,3.3867,0.29,0,1.332,23.353,94.745,23.438,171.44,94.465,95.169,116.64,1.1,3.7302,0,0,0.74997,23.9,4224,-6,1078.2,100,1.24,2005,4296
444.48,0,-0.0012557,0.097133,0.53741,0,0.36644,-0.44891,0.19998,0.32,178,0.019888,0.36344,0,0,0,2453500,0,0.15,0.105,0.045,0.7,1.6122,1.4657,5,0,0.82126,-178.76,-5.5032,4296,0,0,0,0,0,0,0.77,1.1337,369,0,1.1768,0,0,0,5.1734,0.29,0,1.2792,23.316,95.698,23.438,172.42,95.451,96.207,116.67,1.1,3.8135,0,0,0.74996,24.4,4248,-6,1106.1,100,2.88,2005,4296
436.76,0,-0.0011866,0.098152,0.54304,0,0.21094,-0.44962,0.19999,0.32,179,0.020258,0.42915,0,0,0,2453500,0,0.15,0.105,0.045,0.7,1.6291,1.481,5,0,0.82127,-178.81,-5.4375,4296,0,0,0,0,0,0.381,0.86,1.1455,369,0,1.1818,0,0,0,4.9664,0.29,0,1.2272,23.271,96.652,23.438,173.41,96.437,97.244,116.72,1.1,3.9007,0,0,0.74998,23.1,4272,-6,1133.3,100,2.92,2005,4296
435.58,0,-0.0011846,0.099793,0.54912,0,0.3451,-0.45043,0.20199,0.32,180,0.042669,0.49485,0,0,0,2453600,0,0.15,0.105,0.045,0.7,1.6474,1.4976,5,0,0.8241,-178.86,-5.3718,4296,0,0,0,0,0,0.0106,0.79,1.1583,369,0,1.1873,0,0,0,7.0707,0.2905,0,1.1761,23.22,97.605,23.438,174.4,97.422,98.28,116.77,1.1,3.9948,0,0,0.75414,22.9,4296,-6,1159.8,100,6.12,2005,4296
445.68,0,-0.001339,0.10044,0.5548,0,0.16741,-0.45134,0.2006,0.32,181,0.019612,0.56056,0,0,0,2453600,0,0.15,0.105,0.045,0.7,1.6644,1.5131,5,0,0.82214,-178.91,-5.3061,4296,0,0,0,0,0,0,0.9,1.1702,369,0,1.1924,0,0,0,4.944,0.29015,0,1.1259,23.162,98.559,23.438,175.38,98.408,99.316,116.83,1.1,4.0826,0,0,0.75125,24.6,4320,-6,1186.8,100,2.8,2005,4296
424.51,0,-0.0010641,0.10079,0.55762,0,0.23565,-0.45236,0.19999,0.32,182,0.022324,0.62627,0,0,0,2453600,0,1e-05,0.15,0.15,0.7,1.6729,1.5208,5,0,0.82127,-178.96,-5.2404,4296,0,0,0,0,0,0,0.83,1.1846,369,0,1.2034,0,0,0,4.7445,0.29,0,1.0768,23.097,99.512,23.438,176.37,99.394,100.35,116.9,1.1,4.17,0,0,0.74998,21,4344,-6,1213.8,100,3.18,2005,4296
399.12,0,-0.00079755,0.10079,0.55762,0,0.18531,-0.45349,0.19999,0.32,183,0.028642,0.69198,0,0,0,2453600,0,1e-05,0.15,0.15,0.7,1.6729,1.5208,5,0,0.82128,-179,-5.1747,4296,0,0,0,0,0,0,0.83,1.2069,369,0,1.2257,0,0,0,4.6889,0.29,0,1.0288,23.026,100.47,23.438,177.35,100.38,101.38,116.97,1.1,4.2809,0,0,0.74999,16.5,4368,-6,1236,100,4.08,2005,4296
398.57,0,-0.0007918,0.10079,0.55763,0,0.14348,-0.45471,0.19999,0.32,184,0.017199,0.75769,0,0,0,2453600,0,1e-05,0.15,0.15,0.7,1.6729,1.5208,5,0,0.82128,-179.05,-5.109,4296,0,0,0,0,0,0,0.86,1.2299,369,0,1.2487,0,0,0,3.6207,0.29,0,0.98207,22.947,101.42,23.438,178.34,101.36,102.42,117.05,1.1,4.3935,0,0,0.74998,16.4,4392,-6,1255.1,100,2.45,2005,4296
421.06,0,-0.0010125,0.10079,0.55763,0,0.39463,-0.45604,0.19998,0.32,185,0.026606,0.8234,0,0,0,2453600,0,1e-05,0.15,0.15,0.7,1.6729,1.5208,5,0,0.82127,-179.1,-5.0433,4296,0,0,0,0,0,0,0.71,1.2506,369,0,1.2694,0,0,0,5.0968,0.29,0,0.93657,22.863,102.37,23.438,179.32,102.35,103.45,117.13,1.1,4.4969,0,0,0.74997,20.4,4416,-6,1277.3,100,3.79,2005,4296
414.78,0,-0.00096791,0.10079,0.55763,0,0.021089,-0.45747,0.2,0.32,186,0.01741,0.88911,0,0,0,2453600,0,1e-05,0.15,0.15,0.7,1.6729,1.5208,5,0,0.82129,-179.14,-4.9776,4296,0,0,0,0,0,0.0741,0.98,1.2656,369,0,1.2843,0,0,0,3.9807,0.29,0,0.89244,22.771,103.33,23.438,180.31,103.34,104.48,117.22,1.1,4.5727,0,0,0.75,19.3,4440,-6,1300.6,100,2.48,2005,4296
414.78,0,-0.0009449,0.10081,0.55763,0,0.13045,-0.459,0.20007,0.32,187,0.008003,0.95482,0,0,0,2453600,0,1e-05,0.15,0.15,0.7,1.6729,1.5208,5,0,0.82139,-179.18,-4.9118,4296,0,0,0,0,0,0,0.87,1.2862,369,0,1.305,0,0,0,2.702,0.29002,0,0.84975,22.673,104.28,23.438,181.3,104.32,105.5,117.32,1.1,4.6757,0,0,0.75016,19.3,4464,-6,1323.4,100,1.14,2005,4296
421.06,0,-0.0010308,0.10079,0.55763,0,0.14472,-0.46063,0.19999,0.32,188,0.018954,1.0205,0,0,0,2453600,0,1e-05,0.15,0.15,0.7,1.6729,1.5208,5,0,0.82128,-179.22,-4.8461,4296,0,0,0,0,0,0,0.89,1.3058,369,0,1.3246,0,0,0,4.2941,0.29,0,0.80857,22.568,105.23,23.438,182.28,105.31,106.53,117.43,1.1,4.7738,0,0,0.74998,20.4,4488,-6,1346.4,100,2.7,2005,4296
415.35,0,-0.00097041,0.10079,0.55763,0,0.11615,-0.46235,0.19999,0.32,189,0.026185,1.0862,0,0,0,2453600,0,1e-05,0.15,0.15,0.7,1.6729,1.5208,5,0,0.82128,-179.26,-4.7804,4296,0,0,0,0,0,0,0.91,1.3252,369,0,1.3439,0,0,0,4.8999,0.29,0,0.76898,22.457,106.19,23.438,183.27,106.29,107.56,117.54,1.1,4.871,0,0,0.74999,19.4,4512,-6,1369.4,100,3.73,2005,4296
417.62,0,-0.00096546,0.10079,0.55763,0,0.28173,-0.46418,0.19998,0.32,190,0.013549,1.152,0,0,0,2453600,0,1e-05,0.15,0.15,0.7,1.6729,1.5208,5,0,0.82127,-179.3,-4.7147,4296,0,0,0,0,0,0,0.76,1.3451,369,0,1.3639,0,0,0,3.572,0.29,0,0.73105,22.34,107.14,23.438,184.25,107.28,108.58,117.66,1.1,4.9712,0,0,0.74997,19.8,4536,-6,1392.8,100,1.93,2005,4296
414.78,0,-0.0009451,0.10079,0.55763,0,0.37197,-0.4661,0.19998,0.32,191,0.02801,1.2177,0,0,0,2453600,0,1e-05,0.15,0.15,0.7,1.6729,1.5208,5,0,0.82126,-179.34,-4.649,4296,0,0,0,0,0,0,0.71,1.3638,369,0,1.3825,0,0,0,5.0629,0.29,0,0.69485,22.216,108.09,23.438,185.24,108.26,109.6,117.78,1.1,5.0656,0,0,0.74996,19.3,4560,-6,1417,100,3.99,2005,4296
422.78,0,-0.0010299,0.10079,0.55763,0,0.37936,-0.46812,0.19998,0.32,192,0.022114,1.2834,0,0,0,2453600,0,1e-05,0.15,0.15,0.7,1.6729,1.5208,5,0,0.82126,-179.37,-4.5833,4296,0,0,0,0,0,0.0847,0.72,1.3833,369,0,1.4021,0,0,0,4.6866,0.29,0,0.66047,22.085,109.05,23.438,186.22,109.25,110.62,117.91,1.1,5.1647,0,0,0.74996,20.7,4584,-6,1441.5,100,3.15,2005,4296
426.24,0,-0.0010983,0.10083,0.55763,0,0.085467,-0.47023,0.20014,0.32,193,0.032854,1.3491,0,0,0,2453600,0,1e-05,0.15,0.15,0.7,1.6729,1.5208,5,0,0.82149,-179.4,-4.5176,4296,0,0,0,0,0,0.984,0.94,1.3971,369,0,1.4159,0,0,0,5.7989,0.29004,0,0.62796,21.948,110,23.438,187.21,110.24,111.64,118.05,1.1,5.2337,0,0,0.75029,21.3,4608,-6,1464.9,100,4.68,2005,4296
427.98,0,-0.0011216,0.1031,0.55763,0,0.022331,-0.47243,0.20838,0.32,194,0.01376,1.4148,0,0,0,2453600,0,1e-05,0.15,0.15,0.7,1.6729,1.5208,5,0,0.83319,-179.43,-4.4519,4296,0,0,0,0,0,0.36,0.98,1.4067,369,0,1.4255,0,0,0,3.7905,0.29209,0,0.59739,21.805,110.95,23.438,188.19,111.22,112.65,118.19,1.1,5.2812,0,0,0.76745,21.6,4632,-6,1487.1,100,1.96,2005,4296
424.51,0,-0.0010732,0.10341,0.55763,0,0.16029,-0.47473,0.2095,0.32,195,0.02773,1.4805,0,0,0,2453600,0,1e-05,0.15,0.15,0.7,1.6729,1.5208,5,0,0.83479,-179.46,-4.3862,4296,0,0,0,0,0,0.0635,0.89,1.42,369,0,1.4388,0,0,0,5.2959,0.29237,0,0.56885,21.656,111.91,23.438,189.18,112.21,113.67,118.34,1.1,5.3472,0,0,0.76979,21,4656,-6,1510.1,100,3.95,2005,4296
427.4,0,-0.0011164,0.1028,0.55763,0,0.025565,-0.47712,0.20731,0.32,196,0.021201,1.5462,0,0,0,2453600,0,1e-05,0.15,0.15,0.7,1.6729,1.5208,5,0,0.83167,-179.49,-4.3205,4296,0,0,0,0,0,0.0106,0.98,1.4388,369,0,1.4576,0,0,0,4.6907,0.29183,0,0.54238,21.501,112.86,23.438,190.17,113.19,114.68,118.5,1.1,5.4419,0,0,0.76523,21.5,4680,-6,1534,100,3.02,2005,4296
432.65,0,-0.0011837,0.10236,0.55763,0,0.043109,-0.4796,0.2057,0.32,197,0.012005,1.6119,0,0,0,2453600,0,1e-05,0.15,0.15,0.7,1.6729,1.5208,5,0,0.82938,-179.51,-4.2547,4296,0,0,0,0,0,0,0.97,1.4517,369,0,1.4705,0,0,0,3.6191,0.29142,0,0.51806,21.339,113.82,23.438,191.15,114.18,115.69,118.66,1.1,5.5064,0,0,0.76187,22.4,4704,-6,1557.4,100,1.71,2005,4296
438.53,0,-0.0012553,0.10187,0.55763,0,0.093187,-0.48216,0.20392,0.32,198,0.016357,1.6776,0,0,0,2453600,0,1e-05,0.15,0.15,0.7,1.6729,1.5208,5,0,0.82685,-179.53,-4.189,4296,0,0,0,0,0,0,0.94,1.4696,369,0,1.4884,0,0,0,4.3424,0.29098,0,0.49595,21.172,114.77,23.438,192.14,115.16,116.7,118.83,1.1,5.597,0,0,0.75817,23.4,4728,-6,1582.7,100,2.33,2005,4296
442.69,0,-0.0012952,0.099903,0.54955,0,0.10191,-0.48481,0.20211,0.32,199,0.027968,1.7433,0,0,0,2453600,0,1e-05,0.15,0.15,0.7,1.6486,1.4988,5,0.0088161,0.82428,-179.55,-4.1233,4296,0,0,0,0,0,0.603,0.94,1.4917,369,0,1.5104,0,0,0,5.9002,0.29053,0,0.47612,20.998,115.72,23.438,193.12,116.15,117.7,119,1.1,5.7087,0,0,0.75439,24.1,4752,-6,1608.8,100,4.01,2005,4296
425.66,0,-0.0010274,0.096069,0.52272,0,0.0092122,-0.48755,0.20615,0.32,200,0.014666,1.8091,0,0,0,2453600,0,1e-05,0.15,0.15,0.7,1.5682,1.4256,5,0.038084,0.83002,-179.57,-4.0576,4296,0,0,0,0,0,0,0.99,1.5129,369,0,1.5317,0,0,0,4.2123,0.29154,0,0.45863,20.819,116.68,23.438,194.11,117.14,118.71,119.18,1.1,5.8135,0,0,0.76281,21.2,4776,-6,1633,100,2.15,2005,4296
433.23,0,-0.0010361,0.090894,0.4972,0,0.26474,-0.49037,0.20417,0.32,201,0.018221,1.8748,0,0,0,2453600,0,1e-05,0.15,0.15,0.7,1.4916,1.356,5,0.065924,0.82721,-179.59,-3.9919,4296,0,0,0,0,0,0,0.8,1.5368,369,0,1.5556,0,0,0,5.1943,0.29104,0,0.44353,20.634,117.63,23.438,195.09,118.12,119.71,119.37,1.1,5.9318,0,0,0.7587,22.5,4800,-6,1657.8,100,2.73,2005,4296
444.48,0,-0.0011266,0.085986,0.47293,0,0.17734,-0.49328,0.20216,0.32,202,0.027043,1.9405,0,0,0,2453600,0,1e-05,0.15,0.15,0.7,1.4188,1.2898,5,0.092404,0.82435,-179.6,-3.9262,4296,0,0,0,0,0,0.921,0.88,1.5603,369,0,1.579,0,0,0,7.0706,0.29054,0,0.43089,20.443,118.59,23.438,196.08,119.11,120.71,119.56,1.1,6.0494,0,0,0.7545,24.4,4824,-6,1684.3,100,4.14,2005,4296
425.66,0,-0.00087716,0.083106,0.44984,0,0.10157,-0.49626,0.20809,0.32,203,0.018034,2.0062,0,0,0,2453600,0,1e-05,0.15,0.15,0.7,1.3495,1.2268,5,0.11759,0.83279,-179.61,-3.8605,4296,0,0,0,0,0,0.37,0.91,1.5829,369,0,1.6016,0,0,0,5.6044,0.29202,0,0.42076,20.246,119.54,23.438,197.06,120.09,121.7,119.75,1.1,6.163,0,0,0.76686,21.2,4848,-6,1710.5,100,2.82,2005,4296
432.65,0,-0.00089569,0.079162,0.42788,0,0.051047,-0.49933,0.20863,0.32,204,0.0065133,2.0719,0,0,0,2453600,0,1e-05,0.15,0.15,0.7,1.2836,1.1669,5,0.14155,0.83355,-179.62,-3.7948,4296,0,0,0,0,0,0,0.94,1.6067,369,0,1.6255,0,0,0,3.6812,0.29216,0,0.4132,20.044,120.5,23.438,198.05,121.08,122.7,119.96,1.1,6.2811,0,0,0.76797,22.4,4872,-6,1735.4,100,1.04,2005,4296
444.48,0,-0.00097201,0.074741,0.40699,0,0.11224,-0.50247,0.20586,0.32,205,0.021227,2.1376,0,0,0,2453600,0,1e-05,0.15,0.15,0.7,1.221,1.11,5,0.16434,0.8296,-179.62,-3.7291,4296,0,0,0,0,0,0,0.91,1.6266,369,0,1.6453,0,0,0,7.3985,0.29146,0,0.40826,19.836,121.45,23.438,199.04,122.06,123.69,120.16,1.1,6.3796,0,0,0.7622,24.4,4896,-6,1760.9,100,3.46,2005,4296
457.77,0,-0.001062,0.070551,0.38712,0,0.1087,-0.50568,0.20303,0.32,206,0.024106,2.2033,0,0,0,2453600,0,1e-05,0.15,0.15,0.7,1.1614,1.0558,5,0.18601,0.82558,-179.63,-3.6634,4296,0,0,0,0,0,0,0.92,1.6461,369,0,1.6649,0,0,0,8.7847,0.29076,0,0.40599,19.622,122.41,23.438,200.02,123.05,124.68,120.38,1.1,6.4788,0,0,0.75631,26.6,4920,-6,1789.2,100,4.01,2005,4296
456.55,0,-0.00098797,0.066767,0.36822,0,0.20791,-0.50898,0.20116,0.32,207,0.029223,2.269,0,0,0,2453600,0,1e-05,0.15,0.15,0.7,1.1047,1.0042,5,0.20663,0.82293,-179.63,-3.5976,4296,0,0,0,0,0,0.466,0.84,1.6638,369,0,1.6826,0,0,0,10.105,0.29029,0,0.40645,19.403,123.36,23.438,201.01,124.03,125.66,120.6,1.1,6.5691,0,0,0.75241,26.4,4944,-6,1818.2,100,4.96,2005,4296
418.19,0,-0.00062978,0.063926,0.35025,0,0.048591,-0.51234,0.20358,0.32,208,0.026628,2.3347,0,0,0,2453600,0,1e-05,0.15,0.15,0.7,1.0507,0.95522,5,0.22624,0.82637,-179.63,-3.5319,4296,0,0,0,0,0,0.0317,0.94,1.6796,369,0,1.6984,0,0,0,8.4444,0.2909,0,0.40969,19.179,124.32,23.438,201.99,125.02,126.65,120.82,1.1,6.6483,0,0,0.75746,19.9,4968,-6,1844.8,100,4.61,2005,4296
399.67,0,-0.00047799,0.060592,0.33315,0,0.089712,-0.51578,0.20228,0.32,209,0.012178,2.4004,0,0,0,2453600,0,1e-05,0.15,0.15,0.7,0.99944,0.90859,5,0.2449,0.82453,-179.62,-3.4662,4296,0,0,0,0,0,0,0.85,1.6976,369,0,1.7164,0,0,0,5.3998,0.29057,0,0.41574,18.95,125.27,23.438,202.98,126.01,127.63,121.05,1.1,6.7355,0,0,0.75476,16.6,4992,-6,1864.8,100,2.15,2005,4296
398.02,0,-0.00043795,0.057473,0.31688,0,0.06397,-0.51928,0.20125,0.32,210,0.005,2.4661,0,0,0,2453600,0,1e-05,0.15,0.15,0.7,0.95065,0.86423,5,0.26264,0.82306,-179.62,-3.4005,4296,0,0,0,0,0,0,0.85,1.7154,369,0,1.7341,0,0,0,3.1424,0.29031,0,0.42467,18.715,126.23,23.438,203.96,126.99,128.61,121.28,1.1,6.8219,0,0,0.75261,16.3,5016,-6,1884.4,100,0.695,2005,4296
416.48,0,-0.00052256,0.054542,0.30141,0,0.048725,-0.52285,0.20041,0.32,211,0.005,2.5319,0,0,0,2453600,0,1e-05,0.15,0.15,0.7,0.90424,0.82204,5,0.27951,0.82187,-179.61,-3.3348,4296,0,0,0,0,0,0,0.9,1.7318,369,0,1.7506,0,0,0,3.3762,0.2901,0,0.4365,18.475,127.18,23.438,204.95,127.98,129.59,121.52,1.1,6.9026,0,0,0.75086,19.6,5040,-6,1905.9,100,0.615,2005,4296
421.06,0,-0.00052547,0.05182,0.2867,0,0.10411,-0.52649,0.2,0.32,212,0.013853,2.5976,0,0,0,2453600,0,1e-05,0.15,0.15,0.7,0.8601,0.78191,5,0.29557,0.82128,-179.6,-3.2691,4296,0,0,0,0,0,0,0.84,1.7465,369,0,1.7653,0,0,0,7.3129,0.29,0,0.45129,18.23,128.14,23.438,205.94,128.96,130.56,121.77,1.1,6.9752,0,0,0.74999,20.4,5064,-6,1929.2,100,2.59,2005,4296
421.63,0,-0.00051026,0.049291,0.2727,0,0.036215,-0.53019,0.2,0.32,213,0.0099742,2.6633,0,0,0,2453600,0,1e-05,0.15,0.15,0.7,0.81811,0.74374,5,0.31084,0.82129,-179.58,-3.2034,4296,0,0,0,0,0,0,0.94,1.7604,369,0,1.7792,0,0,0,6.4571,0.29,0,0.46908,17.98,129.1,23.438,206.92,129.95,131.53,122.02,1.1,7.0439,0,0,0.75,20.5,5088,-6,1953.1,100,1.9,2005,4296
433.82,0,-0.00054461,0.046884,0.25939,0,0.13001,-0.53395,0.19999,0.32,214,0.016698,2.729,0,0,0,2453600,0,1e-05,0.15,0.15,0.7,0.77817,0.70743,5,0.32536,0.82128,-179.57,-3.1377,4296,0,0,0,0,0,0,0.81,1.7733,369,0,1.7921,0,0,0,9.2077,0.29,0,0.4899,17.726,130.05,23.438,207.91,130.93,132.5,122.27,1.1,7.1081,0,0,0.74999,22.6,5112,-6,1978.3,100,3.24,2005,4296
430.31,0,-0.00050238,0.044595,0.24673,0,0.087692,-0.53778,0.2,0.32,215,0.015839,2.7947,0,0,0,2453600,0,1e-05,0.15,0.15,0.7,0.74018,0.67289,5,0.33918,0.82128,-179.55,-3.072,4296,0,0,0,0,0,0,0.86,1.7857,369,0,1.8045,0,0,0,9.1281,0.29,0,0.51379,17.466,131.01,23.438,208.89,131.92,133.47,122.53,1.1,7.1705,0,0,0.74999,22,5136,-6,2004.3,100,3.13,2005,4296
440.91,0,-0.00053486,0.042418,0.23468,0,0.10137,-0.54166,0.2,0.32,216,0.018886,2.8604,0,0,0,2453600,0,1e-05,0.15,0.15,0.7,0.70405,0.64004,5,0.35232,0.82128,-179.52,-3.0063,4296,0,0,0,0,0,0,0.85,1.7983,369,0,1.817,0,0,0,10.834,0.29,0,0.54079,17.202,131.97,23.438,209.88,132.91,134.43,122.8,1.1,7.2335,0,0,0.74999,23.8,5160,-6,2030.6,100,3.8,2005,4296
430.31,0,-0.00043626,0.040348,0.22322,2.9601e-06,0.043482,-0.54559,0.2,0.32,217,0.010643,2.9261,0,3.4621e-05,0,2453600,0,1e-05,0.15,0.15,0.7,0.66967,0.6088,5,0.36481,0.82129,-179.5,-2.9405,4296,0,0,0,0,0,0.0106,0.92,1.8084,369,0,1.8271,0,0,0,7.9874,0.29,1,0.57093,16.933,132.93,23.438,210.86,133.89,135.39,123.07,1.1,7.2835,0,0,0.75,22,5184,-6,2055.9,100,2.18,2005,4296
421.63,0,-0.00038456,0.038379,0.21233,0,0.09366,-0.54958,0.2,0.32,218,0.010648,2.9918,0,0,0,2453600,0,1e-05,0.15,0.15,0.7,0.63698,0.57907,5,0.3767,0.8213,-179.47,-2.8748,4296,0,0,0,0,0,0,0.79,1.8183,369,0,1.837,0,0,0,7.9065,0.29,0,0.60424,16.659,133.88,23.438,211.85,134.88,136.35,123.34,1.1,7.332,0,0,0.75001,20.5,5208,-6,2078.3,100,2.22,2005,4296
419.91,0,-0.0003546,0.036504,0.20196,0,0.11263,-0.55363,0.2,0.32,219,0.0081069,3.0575,0,0,0,2453600,0,1e-05,0.15,0.15,0.7,0.60588,0.5508,5,0.38801,0.82128,-179.44,-2.8091,4296,0,0,0,0,0,0,0.72,1.8287,369,0,1.8475,0,0,0,7.0514,0.29,0,0.64076,16.381,134.84,23.438,212.83,135.86,137.31,123.62,1.1,7.3833,0,0,0.74999,20.2,5232,-6,2100.7,100,1.72,2005,4296
432.65,0,-0.0004025,0.034722,0.1921,0,0.052984,-0.55772,0.2,0.32,220,0.012044,3.1232,0,0,0,2453600,0,1e-05,0.15,0.15,0.7,0.57631,0.52391,5,0.39877,0.82129,-179.41,-2.7434,4296,0,0,0,0,0,0,0.89,1.8388,369,0,1.8576,0,0,0,9.4019,0.29,0,0.6805,16.099,135.8,23.438,213.82,136.85,138.26,123.9,1.1,7.4332,0,0,0.75,22.4,5256,-6,2124.9,100,2.6,2005,4296
432.06,0,-0.00038418,0.033027,0.18272,0,0.022709,-0.56186,0.2,0.32,221,0.010747,3.189,0,0,0,2453600,0,1e-05,0.15,0.15,0.7,0.54817,0.49834,5,0.409,0.82129,-179.38,-2.6777,4296,0,0,0,0,0,0,0.95,1.8477,369,0,1.8665,0,0,0,9.0995,0.29,0,0.7235,15.812,136.76,23.438,214.81,137.83,139.21,124.18,1.1,7.4777,0,0,0.75,22.3,5280,-6,2150.4,100,2.36,2005,4296
433.82,0,-0.00036929,0.031415,0.1738,0,0.043112,-0.56605,0.2,0.32,222,0.010163,3.2547,0,0,0,2453600,0,1e-05,0.15,0.15,0.7,0.52141,0.47401,5,0.41873,0.82129,-179.34,-2.612,4296,0,0,0,0,0,0,0.9,1.8566,369,0,1.8754,0,0,0,9.1691,0.29,0,0.76979,15.522,137.72,23.438,215.79,138.82,140.16,124.47,1.1,7.5225,0,0,0.75,22.6,5304,-6,2176.1,100,2.27,2005,4296
441.5,0,-0.00037804,0.029881,0.16532,0,0.045917,-0.57028,0.2,0.32,223,0.010566,3.3204,0,0,0,2453600,0,1e-05,0.15,0.15,0.7,0.49596,0.45087,5,0.42799,0.82129,-179.3,-2.5463,4296,0,0,0,0,0,0,0.89,1.8646,369,0,1.8833,0,0,0,9.9418,0.29,0,0.81937,15.227,138.68,23.438,216.78,139.81,141.11,124.77,1.1,7.562,0,0,0.74999,23.9,5328,-6,2202.4,100,2.4,2005,4296
440.31,0,-0.00035648,0.028422,0.15725,0,0.056183,-0.57455,0.2,0.32,224,0.013856,3.3861,0,0,0,2453600,0,1e-05,0.15,0.15,0.7,0.47174,0.42886,5,0.43679,0.82129,-179.26,-2.4806,4296,0,0,0,0,0,0.0317,0.87,1.8718,369,0,1.8906,0,0,0,11.609,0.29,0,0.87229,14.928,139.64,23.438,217.76,140.79,142.05,125.07,1.1,7.5985,0,0,0.75,23.7,5352,-6,2229,100,3.2,2005,4296
437.35,0,-0.00031932,0.02704,0.14957,2.1968e-06,0.011604,-0.57886,0.20007,0.32,225,0.0062184,3.4518,0,2.4211e-05,0,2453600,0,1e-05,0.15,0.15,0.7,0.44871,0.40792,5,0.44517,0.82138,-179.22,-2.4149,4296,0,0,0,0,0,0.0635,0.97,1.8793,369,0,1.898,0,0,0,7.8499,0.29002,1,0.92854,14.625,140.6,23.438,218.75,141.78,142.99,125.37,1.1,7.6358,0,0,0.75014,23.2,5376,-6,2255.1,100,1.46,2005,4296
422.78,0,-0.00025503,0.025738,0.14227,1.8469e-06,0.019294,-0.58321,0.20032,0.32,226,0.0097633,3.5175,0,2.2945e-05,0,2453600,0,1e-05,0.15,0.15,0.7,0.42681,0.38801,5,0.45313,0.82174,-179.17,-2.3492,4296,0,0,0,0,0,0.392,0.94,1.8866,369,0,1.9054,0,0,0,9.3855,0.29008,1,0.98816,14.318,141.56,23.438,219.73,142.76,143.93,125.68,1.1,7.6721,0,0,0.75067,20.7,5400,-6,2279.1,100,2.33,2005,4296
414.78,0,-0.00019257,0.02466,0.13532,4.9383e-06,0.017743,-0.5876,0.203,0.32,227,0.011792,3.5832,0,6.5135e-05,0,2453600,0,1e-05,0.15,0.15,0.7,0.40597,0.36906,5,0.46071,0.82554,-179.12,-2.2835,4296,0,0,0,0,0,0.0741,0.94,1.8903,369,0,1.9091,0,0,0,10.13,0.29075,3,1.0512,14.007,142.52,23.438,220.72,143.75,144.87,125.99,1.1,7.6896,0,0,0.75624,19.3,5424,-6,2298.9,100,2.86,2005,4296
407.45,0,-0.00020535,0.023419,0.12872,0,-0.0009573,-0.59202,0.20241,0.32,228,0.005,3.6489,0,0,0,2453600,0,1e-05,0.15,0.15,0.7,0.38615,0.35105,5,0.46792,0.82471,-179.07,-2.2177,4296,0,0,0,0,0,0.0106,1,1.894,369,0,1.9127,0,0,0,6.2262,0.2906,0,1.1175,13.693,143.48,23.438,221.7,144.73,145.81,126.3,1.1,7.7072,0,0,0.75502,18,5448,-6,2319.4,100,1.14,2005,4296
420.48,0,-0.0002222,0.022208,0.12243,0,0.018918,-0.59647,0.2013,0.32,229,0.0058306,3.7146,0,0,0,2453600,0,1e-05,0.15,0.15,0.7,0.3673,0.33391,5,0.47477,0.82313,-179.02,-2.152,4296,0,0,0,0,0,0,0.91,1.9007,369,0,1.9194,0,0,0,7.6509,0.29032,0,1.1873,13.375,144.44,23.438,222.69,145.72,146.74,126.62,1.1,7.7401,0,0,0.75271,20.3,5472,-6,2341.3,100,1.46,2005,4296
430.31,0,-0.00023687,0.021079,0.11646,0,0.018922,-0.60095,0.20052,0.32,230,0.0071547,3.7803,0,0,0,2453600,0,1e-05,0.15,0.15,0.7,0.34937,0.31761,5,0.48129,0.82202,-178.97,-2.0863,4296,0,0,0,0,0,0.201,0.92,1.9074,369,0,1.9262,0,0,0,9.075,0.29013,0,1.2605,13.053,145.4,23.438,223.68,146.7,147.67,126.94,1.1,7.7734,0,0,0.75108,22,5496,-6,2364.4,100,1.82,2005,4296
433.82,0,-0.00021176,0.020097,0.11077,3.2228e-06,0.050663,-0.60546,0.20137,0.32,231,0.02806,3.8461,0,3.6492e-05,0,2453600,0,1e-05,0.15,0.15,0.7,0.33231,0.3021,5,0.48749,0.82323,-178.91,-2.0206,4296,0,0,0,0,0,1.19,0.84,1.9138,369,0,1.9325,0,0,0,18.653,0.29034,2,1.3371,12.728,146.36,23.438,224.66,147.69,148.6,127.26,1.1,7.8048,0,0,0.75285,22.6,5520,-6,2389.1,100,7.25,2005,4296
426.82,0,-0.0001979,0.019495,0.10536,1.4486e-06,0.0037953,-0.61,0.20866,0.32,232,0.0089936,3.9118,0,1.7382e-05,0,2453600,0,1e-05,0.15,0.15,0.7,0.31609,0.28735,5,0.49339,0.83359,-178.85,-1.9549,4296,0,0,0,0,0,0.0106,0.98,1.9197,369,0,1.9385,0,0,0,10.406,0.29216,1,1.4171,12.4,147.33,23.438,225.65,148.68,149.53,127.59,1.1,7.8346,0,0,0.76803,21.4,5544,-6,2414.9,100,2.36,2005,4296
425.66,0,-0.00019694,0.018333,0.10022,0,0.0090888,-0.61456,0.2044,0.32,233,0.0067551,3.9775,0,0,0,2453600,0,1e-05,0.15,0.15,0.7,0.30066,0.27333,5,0.499,0.82754,-178.79,-1.8892,4296,0,0,0,0,0,0,0.96,1.9255,369,0,1.9443,0,0,0,9.1245,0.2911,0,1.5006,12.068,148.29,23.438,226.63,149.66,150.45,127.92,1.1,7.8635,0,0,0.75917,21.2,5568,-6,2440.2,100,1.8,2005,4296
428.56,0,-0.00018959,0.017343,0.095327,0,0.013978,-0.61914,0.20239,0.32,234,0.0057291,4.0432,0,0,0,2453600,0,1e-05,0.15,0.15,0.7,0.28598,0.25998,5,0.50434,0.82467,-178.73,-1.8235,4296,0,0,0,0,0,0,0.92,1.9306,369,0,1.9494,0,0,0,8.6739,0.2906,0,1.5875,11.733,149.25,23.438,227.62,150.65,151.37,128.25,1.1,7.8888,0,0,0.75498,21.7,5592,-6,2464.4,100,1.55,2005,4296
397.47,0,-0.00012664,0.016438,0.090673,0,0.025747,-0.62374,0.20109,0.32,235,0.013107,4.1089,0,0,0,2453600,0,1e-05,0.15,0.15,0.7,0.27202,0.24729,5,0.50942,0.82284,-178.66,-1.7578,4296,0,0,0,0,0,0,0.84,1.9362,369,0,1.9549,0,0,0,11.31,0.29027,0,1.6778,11.395,150.22,23.438,228.6,151.63,152.3,128.59,1.1,7.9159,0,0,0.75228,16.2,5616,-6,2485.7,100,3.6,2005,4296
394.18,0,-0.00011613,0.015608,0.086247,0,0.018689,-0.62836,0.20044,0.32,236,0.010689,4.1746,0,0,0,2453600,0,1e-05,0.15,0.15,0.7,0.25874,0.23522,5,0.51425,0.82191,-178.6,-1.6921,4296,0,0,0,0,0,0,0.87,1.9416,369,0,1.9603,0,0,0,10.176,0.29011,0,1.7715,11.055,151.18,23.438,229.59,152.62,153.21,128.93,1.1,7.942,0,0,0.75091,15.6,5640,-6,2504.1,100,2.98,2005,4296
406.34,0,-0.00012597,0.014832,0.082036,0,0.025128,-0.63299,0.20009,0.32,237,0.010213,4.2403,0,0,0,2453600,0,1e-05,0.15,0.15,0.7,0.24611,0.22373,5,0.51884,0.82142,-178.53,-1.6264,4296,0,0,0,0,0,0,0.83,1.9465,369,0,1.9653,0,0,0,10.849,0.29002,0,1.8687,10.711,152.14,23.438,230.58,153.6,154.13,129.27,1.1,7.9662,0,0,0.75019,17.8,5664,-6,2524.1,100,2.89,2005,4296
424.51,0,-0.00014891,0.014104,0.078031,0,0.017078,-0.63763,0.2,0.32,238,0.0058503,4.306,0,0,0,2453600,0,1e-05,0.15,0.15,0.7,0.23409,0.21281,5,0.52321,0.82129,-178.46,-1.5606,4296,0,0,0,0,0,0.0106,0.89,1.9499,369,0,1.9687,0,0,0,9.1678,0.29,0,1.9693,10.364,153.11,23.438,231.56,154.59,155.05,129.62,1.1,7.9827,0,0,0.75,21,5688,-6,2546,100,1.68,2005,4296
423.36,0,-0.00014265,0.013416,0.074222,0,0.00494,-0.64229,0.20002,0.32,239,0.005,4.3717,0,0,0,2453600,0,1e-05,0.15,0.15,0.7,0.22267,0.20242,5,0.52737,0.82132,-178.39,-1.4949,4296,0,0,0,0,0,0,0.97,1.9534,369,0,1.9722,0,0,0,7.3936,0.29,0,2.0732,10.015,154.07,23.438,232.55,155.58,155.96,129.96,1.1,7.9999,0,0,0.75004,20.8,5712,-6,2569.2,100,1.09,2005,4296
415.92,0,-0.0001201,0.012761,0.070598,0,0.027604,-0.64696,0.2,0.32,240,0.0066973,4.4374,0,0,0,2453600,0,1e-05,0.15,0.15,0.7,0.21179,0.19254,5,0.53132,0.82129,-178.31,-1.4292,4296,0,0,0,0,0,0,0.79,1.9575,369,0,1.9762,0,0,0,9.6821,0.29,0,2.1806,9.6627,155.04,23.438,233.53,156.56,156.88,130.31,1.1,8.02,0,0,0.75,19.5,5736,-6,2592.6,100,1.98,2005,4296
419.34,0,-0.00012077,0.012138,0.067152,0,0.011169,-0.65163,0.2,0.32,241,0.0072019,4.5032,0,0,0,2453600,0,1e-05,0.15,0.15,0.7,0.20146,0.18314,5,0.53508,0.82129,-178.24,-1.3635,4296,0,0,0,0,0,0,0.91,1.961,369,0,1.9797,0,0,0,10.353,0.29,0,2.2913,9.3081,156.01,23.438,234.52,157.55,157.79,130.66,1.1,8.0373,0,0,0.75,20.1,5760,-6,2616.2,100,2.16,2005,4296
413.65,0,-0.00010566,0.011545,0.063873,0,0.027207,-0.65631,0.2,0.32,242,0.01019,4.5689,0,0,0,2453600,0,1e-05,0.15,0.15,0.7,0.19162,0.1742,5,0.53866,0.82129,-178.16,-1.2978,4296,0,0,0,0,0,0,0.78,1.9641,369,0,1.9829,0,0,0,12.138,0.29,0,2.4054,8.951,156.97,23.438,235.5,158.53,158.7,131.02,1.1,8.0528,0,0,0.75,19.1,5784,-6,2639.4,100,3.1,2005,4296
406.89,0,-9.4535e-05,0.010981,0.060755,0,0.011281,-0.661,0.2,0.32,243,0.0078103,4.6346,0,0,0,2453600,0,1e-05,0.15,0.15,0.7,0.18227,0.1657,5,0.54206,0.82129,-178.09,-1.2321,4296,0,0,0,0,0,0,0.89,1.9665,369,0,1.9852,0,0,0,10.373,0.29,0,2.5229,8.5916,157.94,23.438,236.49,159.52,159.6,131.38,1.1,8.0644,0,0,0.75,17.9,5808,-6,2660.4,100,2.41,2005,4296
398.57,0,-8.083e-05,0.010445,0.057789,0,0.010277,-0.66568,0.2,0.32,244,0.005,4.7003,0,0,0,2453600,0,1e-05,0.15,0.15,0.7,0.17337,0.15761,5,0.54529,0.82129,-178.01,-1.1664,4296,0,0,0,0,0,0,0.87,1.9699,369,0,1.9886,0,0,0,6.7859,0.29,0,2.6436,8.2299,158.91,23.438,237.47,160.5,160.51,131.73,1.1,8.0809,0,0,0.75,16.4,5832,-6,2681.1,100,1.12,2005,4296
391.46,0,-7.0288e-05,0.0099354,0.054968,0,0.015611,-0.67037,0.2,0.32,245,0.005,4.766,0,0,0,2453600,0,1e-05,0.15,0.15,0.7,0.1649,0.14991,5,0.54837,0.82129,-177.93,-1.1007,4296,0,0,0,0,0,0,0.79,1.973,369,0,1.9917,0,0,0,5.9471,0.29,0,2.7677,7.866,159.88,23.438,238.46,161.49,161.42,132.1,1.1,8.0962,0,0,0.75,15.1,5856,-6,2702.9,100,0.925,2005,4296
390.92,0,-6.6236e-05,0.0094504,0.052284,0,0.018033,-0.67505,0.2,0.32,246,0.0065579,4.8317,0,0,0,2453600,0,1e-05,0.15,0.15,0.7,0.15685,0.14259,5,0.5513,0.82129,-177.85,-1.035,4296,0,0,0,0,0,0,0.76,1.9758,369,0,1.9946,0,0,0,9.0036,0.29,0,2.8951,7.4999,160.84,23.438,239.45,162.48,162.32,132.46,1.1,8.1105,0,0,0.75,15,5880,-6,2724.5,100,2.11,2005,4296
402.99,0,-7.1465e-05,0.008989,0.049732,0,0.025945,-0.67973,0.2,0.32,247,0.0088902,4.8974,0,0,0,2453600,0,1e-05,0.15,0.15,0.7,0.1492,0.13563,5,0.55408,0.82129,-177.76,-0.96925,4296,0,0,0,0,0,0,0.69,1.9786,369,0,1.9973,0,0,0,11.408,0.29,0,3.0257,7.1319,161.81,23.438,240.43,163.46,163.23,132.82,1.1,8.1238,0,0,0.75,17.2,5904,-6,2745.2,100,2.9,2005,4296
408.58,0,-7.3104e-05,0.0085502,0.047304,0,0.016506,-0.68441,0.2,0.32,248,0.0055945,4.9631,0,0,0,2453600,0,1e-05,0.15,0.15,0.7,0.14191,0.12901,5,0.55673,0.82129,-177.68,-0.90354,4296,0,0,0,0,0,0,0.78,1.9811,369,0,1.9999,0,0,0,9.4379,0.29,0,3.1595,6.7619,162.78,23.438,241.42,164.45,164.13,133.19,1.1,8.1364,0,0,0.75,18.2,5928,-6,2767.2,100,1.85,2005,4296
409.14,0,-7.1039e-05,0.0081328,0.044995,0,0.015789,-0.68908,0.2,0.32,249,0.0069214,5.0288,0,0,0,2453600,0,1e-05,0.15,0.15,0.7,0.13498,0.12271,5,0.55925,0.82129,-177.6,-0.83783,4296,0,0,0,0,0,0,0.8,1.9835,369,0,2.0022,0,0,0,10.649,0.29,0,3.2965,6.39,163.75,23.438,242.4,165.43,165.03,133.56,1.1,8.148,0,0,0.75,18.3,5952,-6,2789.1,100,2.32,2005,4296
410.82,0,-6.8874e-05,0.0077358,0.042798,0,0.011815,-0.69373,0.2,0.32,250,0.0073588,5.0945,0,0,0,2453600,0,1e-05,0.15,0.15,0.7,0.12839,0.11672,5,0.56165,0.82129,-177.51,-0.77212,4296,0,0,0,0,0,0,0.84,1.9856,369,0,2.0044,0,0,0,11.202,0.29,0,3.4367,6.0165,164.72,23.438,243.39,166.42,165.93,133.93,1.1,8.1586,0,0,0.75,18.6,5976,-6,2811.6,100,2.5,2005,4296
417.05,0,-6.9841e-05,0.0073581,0.040709,0,0.012617,-0.69838,0.2,0.32,251,0.0056056,5.1603,0,0,0,2453600,0,1e-05,0.15,0.15,0.7,0.12213,0.11102,5,0.56393,0.82129,-177.43,-0.70641,4296,0,0,0,0,0,0,0.82,1.9876,369,0,2.0064,0,0,0,10.217,0.29,0,3.5799,5.6412,165.69,23.438,244.37,167.4,166.83,134.3,1.1,8.1685,0,0,0.75,19.7,6000,-6,2835.3,100,1.93,2005,4296
421.63,0,-7.0402e-05,0.0069989,0.038721,0,0.012042,-0.70301,0.2,0.32,252,0.0077674,5.226,0,0,0,2453600,0,1e-05,0.15,0.15,0.7,0.11616,0.1056,5,0.5661,0.82129,-177.34,-0.6407,4296,0,0,0,0,0,0,0.84,1.9894,369,0,2.0082,0,0,0,12.442,0.29,0,3.7263,5.2644,166.66,23.438,245.36,168.39,167.73,134.67,1.1,8.1774,0,0,0.75,20.5,6024,-6,2859.6,100,2.71,2005,4296
422.78,0,-6.7217e-05,0.0066572,0.036831,0,0.011826,-0.70763,0.2,0.32,253,0.0053463,5.2917,0,0,0,2453600,0,1e-05,0.15,0.15,0.7,0.11049,0.10045,5,0.56816,0.82129,-177.25,-0.57499,4296,0,0,0,0,0,0,0.82,1.991,369,0,2.0098,0,0,0,10.493,0.29,0,3.8757,4.8861,167.64,23.438,246.34,169.37,168.63,135.04,1.1,8.1856,0,0,0.75,20.7,6048,-6,2884.2,100,1.89,2005,4296
424.51,0,-6.5816e-05,0.0063322,0.035033,0,0.010328,-0.71224,0.2,0.32,254,0.0073987,5.3574,0,0,0,2453600,0,1e-05,0.15,0.15,0.7,0.1051,0.095545,5,0.57012,0.82129,-177.16,-0.50928,4296,0,0,0,0,0,0,0.85,1.9927,369,0,2.0115,0,0,0,12.575,0.29,0,4.0281,4.5064,168.61,23.438,247.33,170.36,169.53,135.42,1.1,8.1939,0,0,0.75,21,6072,-6,2909.6,100,2.65,2005,4296
419.91,0,-5.9098e-05,0.0060231,0.033323,0,0.012222,-0.71682,0.2,0.32,255,0.0079922,5.4231,0,0,0,2453600,0,1e-05,0.15,0.15,0.7,0.099968,0.09088,5,0.57198,0.82129,-177.08,-0.44357,4296,0,0,0,0,0,0,0.81,1.9943,369,0,2.013,0,0,0,12.904,0.29,0,4.1834,4.1254,169.58,23.438,248.32,171.35,170.42,135.79,1.1,8.2018,0,0,0.75,20.2,6096,-6,2934.3,100,2.9,2005,4296
425.09,0,-5.8827e-05,0.005729,0.031696,0,0.021265,-0.72139,0.2,0.32,256,0.011807,5.4888,0,0,0,2453600,0,1e-05,0.15,0.15,0.7,0.095088,0.086443,5,0.57376,0.82129,-176.99,-0.37787,4296,0,0,0,0,0,0,0.7,1.9958,369,0,2.0146,0,0,0,16.274,0.29,0,4.3417,3.7432,170.55,23.438,249.3,172.33,171.32,136.17,1.1,8.2095,0,0,0.75,21.1,6120,-6,2958.5,100,4.34,2005,4296
437.94,0,-6.4084e-05,0.0054493,0.030149,0,0.020775,-0.72594,0.2,0.32,257,0.01069,5.5545,0,0,0,2453600,0,1e-05,0.15,0.15,0.7,0.090446,0.082223,5,0.57545,0.82129,-176.9,-0.31216,4296,0,0,0,0,0,0.349,0.72,1.9972,369,0,2.016,0,0,0,16.623,0.29,0,4.5027,3.3598,171.53,23.438,250.29,173.32,172.22,136.55,1.1,8.2166,0,0,0.75,23.3,6144,-6,2983.3,100,3.98,2005,4296
403.55,0,-4.3054e-05,0.0052166,0.028677,0,0.0041692,-0.73046,0.20235,0.32,258,0.0073991,5.6202,0,0,0,2453600,0,1e-05,0.15,0.15,0.7,0.08603,0.078209,5,0.57705,0.82462,-176.81,-0.24645,4296,0,0,0,0,0,1.74,0.91,1.9986,369,0,2.0173,0,0,0,11.698,0.29059,0,4.6666,2.9755,172.5,23.438,251.27,174.3,173.11,136.92,1.1,8.2231,0,0,0.7549,17.3,6168,-6,3004.7,100,2.79,2005,4296
404.11,0,-3.5718e-05,0.0051251,0.027277,6.2586e-07,0.00068472,-0.73496,0.21447,0.32,259,0.005,5.6859,0,9.1577e-06,0,2453600,0,1e-05,0.15,0.15,0.7,0.08183,0.074391,5,0.57858,0.8419,-176.72,-0.18074,4296,0,0,0,0,0,0,0.98,1.9992,369,0,2.018,0,0,0,9.3131,0.29362,2,4.8331,2.5902,173.48,23.438,252.26,175.29,174.01,137.3,1.1,8.2262,0,0,0.78014,17.4,6192,-6,3021.6,100,1.74,2005,4296
377.53,0,-2.5528e-05,0.0048007,0.025945,2.1338e-07,0.0026709,-0.73943,0.20867,0.32,260,0.005534,5.7516,0,4.0719e-06,0,2453600,0,1e-05,0.15,0.15,0.7,0.077835,0.070759,5,0.58003,0.83362,-176.63,-0.11503,4296,0,0,0,0,0,0,0.91,2.0001,369,0,2.0189,0,0,0,8.7639,0.29217,1,5.0024,2.2041,174.45,23.438,253.24,176.27,174.91,137.68,1.1,8.2306,0,0,0.76807,12.5,6216,-6,3038,100,2.14,2005,4296
389.83,0,-3.1155e-05,0.0045258,0.024678,0,0.0044469,-0.74388,0.20534,0.32,261,0.0068956,5.8174,0,0,0,2453600,0,1e-05,0.15,0.15,0.7,0.074035,0.067305,5,0.58141,0.82887,-176.54,-0.049316,4296,0,0,0,0,0,0,0.87,2.0015,369,0,2.0203,0,0,0,10.703,0.29134,0,5.1742,1.8172,175.43,23.438,254.23,177.26,175.8,138.06,1.1,8.2371,0,0,0.76113,14.8,6240,-6,3055.7,100,2.7,2005,4296
409.14,0,-3.4841e-05,0.0042743,0.023474,2.8037e-07,0.0061044,-0.7483,0.20272,0.32,262,0.0096861,5.8831,0,3.972e-06,0,2453600,0,1e-05,0.15,0.15,0.7,0.070421,0.064019,5,0.58273,0.82514,-176.45,0.016394,4296,0,0,0,0,0,0,0.86,2.0028,369,0,2.0216,0,0,0,14.316,0.29068,1,5.3486,1.4297,176.4,23.438,255.22,178.25,176.7,138.44,1.1,8.2435,0,0,0.75566,18.3,6264,-6,3075.2,100,3.84,2005,4296
416.48,0,-3.7096e-05,0.0040456,0.022328,2.9241e-07,0.0019154,-0.75269,0.20089,0.32,263,0.0089696,5.9488,0,3.8244e-06,0,2453600,0,1e-05,0.15,0.15,0.7,0.066983,0.060894,5,0.58398,0.82255,-176.36,0.082104,4296,0,0,0,0,0,0,0.96,2.0038,369,0,2.0226,0,0,0,14.428,0.29022,1,5.5253,1.0416,177.38,23.438,256.2,179.23,177.6,138.82,1.1,8.2486,0,0,0.75186,19.6,6288,-6,3097.9,100,3.6,2005,4296
404.66,0,-3.2256e-05,0.0038432,0.021238,0,0.0020468,-0.75705,0.20043,0.32,264,0.005,6.0145,0,0,0,2453600,0,1e-05,0.15,0.15,0.7,0.063713,0.057921,5,0.58517,0.8219,-176.28,0.14781,4296,0,0,0,0,0,0,0.93,2.0048,369,0,2.0236,0,0,0,9.7261,0.29011,0,5.7045,0.65305,178.36,23.438,257.19,180.22,178.49,139.2,1.1,8.2534,0,0,0.7509,17.5,6312,-6,3120.2,100,1.85,2005,4296
410.82,0,-3.1074e-05,0.003653,0.020201,2.4909e-07,0.0036779,-0.76138,0.20017,0.32,265,0.011015,6.0802,0,3.438e-06,0,2453600,0,1e-05,0.15,0.15,0.7,0.060603,0.055093,5,0.5863,0.82153,-176.19,0.21352,4296,0,0,0,0,0,0,0.91,2.0058,369,0,2.0246,0,0,0,15.78,0.29004,1,5.886,0.26411,179.34,23.438,258.17,181.2,179.39,139.59,1.1,8.2585,0,0,0.75035,18.6,6336,-6,3141.8,100,4.53,2005,4296
422.78,0,-3.6009e-05,0.0034732,0.019215,0,0.0062579,-0.76567,0.20002,0.32,266,0.013669,6.1459,0,0,0,2453600,0,1e-05,0.15,0.15,0.7,0.057644,0.052404,5,0.58738,0.82132,183.9,0.27923,4296,0,0,0,0,0,0.868,0.86,2.0068,369,0,2.0255,0,0,0,18.865,0.29,0,366.07,-0.12511,180.31,23.438,259.16,182.19,-179.71,139.97,1.1,8.2631,0,0,0.75004,20.7,6360,-6,3168,100,5.69,2005,4296
401.89,0,-2.5184e-05,0.0033569,0.018277,2.0543e-07,0.0026013,-0.76993,0.20592,0.32,267,0.0074292,6.2116,0,3.0725e-06,0,2453600,0,1e-05,0.15,0.15,0.7,0.05483,0.049845,5,0.5884,0.8297,183.99,0.34494,4296,0,0,0,0,0,0,0.92,2.0073,369,0,2.026,0,0,0,12.546,0.29148,1,366.26,-0.51451,181.29,23.438,260.14,183.17,-178.81,140.35,1.1,8.2656,0,0,0.76234,17,6384,-6,3186.4,100,3.13,2005,4296
430.31,0,-3.495e-05,0.0031664,0.017384,0,0.0059784,-0.77416,0.20282,0.32,268,0.0066139,6.2773,0,0,0,2453600,0,1e-05,0.15,0.15,0.7,0.052153,0.047412,5,0.58937,0.82528,184.07,0.41065,4296,0,0,0,0,0,1.86,0.84,2.008,369,0,2.0268,0,0,0,13.845,0.2907,0,366.44,-0.90401,182.27,23.438,261.13,184.16,-177.91,140.73,1.1,8.2694,0,0,0.75587,22,6408,-6,3209,100,2.82,2005,4296
415.92,0,-2.5426e-05,0.0031094,0.016536,4.3192e-07,0.00021358,-0.77834,0.21477,0.32,269,0.005,6.343,0,5.6777e-06,0,2453600,0,1e-05,0.15,0.15,0.7,0.049607,0.045097,5,0.5903,0.84234,184.16,0.47636,4296,0,0,0,0,0,0,0.99,2.0084,369,0,2.0272,0,0,0,10.907,0.29369,2,366.63,-1.2935,183.25,23.438,262.11,185.14,-177.01,141.11,1.1,8.2713,0,0,0.78077,19.5,6432,-6,3229.9,100,2.01,2005,4296
396.37,0,-2.0067e-05,0.0029064,0.015728,1.6521e-07,0.0010306,-0.78249,0.20818,0.32,270,0.005,6.4087,0,2.6182e-06,0,2453600,0,1e-05,0.15,0.15,0.7,0.047185,0.042896,5,0.59118,0.83291,184.25,0.54207,4296,0,0,0,0,0,0,0.95,2.0091,369,0,2.0279,0,0,0,8.4837,0.29204,1,366.82,-1.6829,184.23,23.438,263.1,186.13,-176.11,141.49,1.1,8.2747,0,0,0.76704,16,6456,-6,3249.3,100,1.51,2005,4296
392,0,-1.9065e-05,0.0027406,0.014961,0,0.0059253,-0.7866,0.20494,0.32,271,0.0088741,6.4744,0,0,0,2453600,0,1e-05,0.15,0.15,0.7,0.044882,0.040802,5,0.59202,0.8283,184.33,0.60778,4296,0,0,0,0,0,0.444,0.74,2.0099,369,0,2.0287,0,0,0,13.35,0.29124,0,367.02,-2.0721,185.22,23.438,264.09,187.12,-175.21,141.87,1.1,8.2786,0,0,0.7603,15.2,6480,-6,3267.5,100,3.92,2005,4296
366.55,0,-1.3458e-05,0.0026059,0.01423,0,0.0030813,-0.79067,0.2048,0.32,272,0.014701,6.5402,0,0,0,2453600,0,1e-05,0.15,0.15,0.7,0.042691,0.03881,5,0.59281,0.8281,184.41,0.67349,4296,0,0,0,0,0,0,0.83,2.0106,369,0,2.0294,0,0,0,14.503,0.2912,0,367.21,-2.461,186.2,23.438,265.07,188.1,-174.31,142.25,1.1,8.2817,0,0,0.76001,10.4,6504,-6,3285,100,6.57,2005,4296
359.57,0,-1.1043e-05,0.002465,0.013536,0,0.0055891,-0.7947,0.20276,0.32,273,0.005,6.6059,0,0,0,2453600,0,1e-05,0.15,0.15,0.7,0.040607,0.036915,5,0.59357,0.8252,184.5,0.7392,4296,0,0,0,0,0,0,0.55,2.0113,369,0,2.0301,0,0,0,6.284,0.29069,0,367.41,-2.8495,187.18,23.438,266.06,189.09,-173.41,142.63,1.1,8.2852,0,0,0.75575,9.04,6528,-6,3297,100,1.37,2005,4296
372.79,0,-1.2857e-05,0.0023363,0.012875,0,0.0031231,-0.79869,0.20145,0.32,274,0.005,6.6716,0,0,0,2453600,0,1e-05,0.15,0.15,0.7,0.038624,0.035113,5,0.59429,0.82334,184.58,0.80491,4296,0,0,0,0,0,0,0.77,2.012,369,0,2.0308,0,0,0,7.5452,0.29036,0,367.61,-3.2376,188.16,23.438,267.04,190.07,-172.5,143,1.1,8.2885,0,0,0.75301,11.6,6552,-6,3310.6,100,1.61,2005,4296
387.67,0,-1.4993e-05,0.0022175,0.012246,0,0.0029143,-0.80263,0.20065,0.32,275,0.0078681,6.7373,0,0,0,2453600,0,1e-05,0.15,0.15,0.7,0.036739,0.033399,5,0.59498,0.82222,184.66,0.87062,4296,0,0,0,0,0,0,0.83,2.0126,369,0,2.0314,0,0,0,12.565,0.29016,0,367.81,-3.625,189.15,23.438,268.03,191.06,-171.6,143.38,1.1,8.2915,0,0,0.75136,14.4,6576,-6,3328.6,100,3.64,2005,4296
426.82,0,-2.258e-05,0.0021068,0.011648,0,0.0031101,-0.80653,0.20023,0.32,276,0.0078645,6.803,0,0,0,2453600,0,1e-05,0.15,0.15,0.7,0.034945,0.031768,5,0.59563,0.82162,184.74,0.93633,4296,0,0,0,0,0,0,0.87,2.0131,369,0,2.0319,0,0,0,15.719,0.29006,0,368.01,-4.0118,190.13,23.438,269.01,192.04,-170.69,143.76,1.1,8.2939,0,0,0.75048,21.4,6600,-6,3350.7,100,3.68,2005,4296
425.09,0,-2.1096e-05,0.0020031,0.01108,0,0.0022934,-0.81039,0.20007,0.32,277,0.0064237,6.8687,0,0,0,2453600,0,1e-05,0.15,0.15,0.7,0.033239,0.030217,5,0.59625,0.82139,184.81,1.002,4296,0,0,0,0,0,0,0.89,2.0136,369,0,2.0324,0,0,0,14.178,0.29002,0,368.21,-4.3978,191.12,23.438,270,193.03,-169.78,144.13,1.1,8.2965,0,0,0.75015,21.1,6624,-6,3374.7,100,3.04,2005,4296
421.63,0,-1.9398e-05,0.001905,0.010539,0,0.0026856,-0.8142,0.20002,0.32,278,0.0062891,6.9344,0,0,0,2453600,0,1e-05,0.15,0.15,0.7,0.031616,0.028742,5,0.59684,0.82131,184.89,1.0678,4296,0,0,0,0,0,0,0.87,2.0141,369,0,2.0329,0,0,0,13.884,0.29,0,368.41,-4.7829,192.1,23.438,270.98,194.02,-168.87,144.51,1.1,8.2989,0,0,0.75003,20.5,6648,-6,3399.1,100,3.01,2005,4296
411.95,0,-1.649e-05,0.0018119,0.010024,0,0.0026829,-0.81796,0.2,0.32,279,0.0063224,7.0001,0,0,0,2453600,0,1e-05,0.15,0.15,0.7,0.030073,0.027339,5,0.5974,0.82129,184.96,1.1335,4296,0,0,0,0,0,0,0.85,2.0146,369,0,2.0334,0,0,0,13.329,0.29,0,368.61,-5.167,193.09,23.438,271.97,195,-167.96,144.88,1.1,8.3014,0,0,0.75,18.8,6672,-6,3422.2,100,3.06,2005,4296
342.69,0,-6.4826e-06,0.0017234,0.0095349,0,0.0012389,-0.82168,0.2,0.32,280,0.0086431,7.0658,0,0,0,2453700,0,1e-05,0.15,0.15,0.7,0.028605,0.026004,5,0.59794,0.82129,185.04,1.1992,4296,0,0,0,0,0,0,0.85,2.0151,369,0,2.0339,0,0,0,9.4967,0.29,0,368.82,-5.55,194.07,23.438,272.96,195.99,-167.05,145.25,1.1,8.3036,0,0,0.75,5.67,6696,-6,3434.4,100,4.23,2005,4296
351.68,0,-6.9962e-06,0.0016393,0.0090694,0,0.0015035,-0.82535,0.2,0.32,281,0.0086491,7.1315,0,0,0,2453700,0,1e-05,0.15,0.15,0.7,0.027208,0.024735,5,0.59844,0.82129,185.11,1.2649,4296,0,0,0,0,0,0,0.83,2.0155,369,0,2.0343,0,0,0,10.426,0.29,0,369.02,-5.9319,195.06,23.438,273.94,196.97,-166.13,145.62,1.1,8.3055,0,0,0.75,7.48,6720,-6,3443.2,100,4.28,2005,4296
348.23,0,-4.8606e-06,0.0012084,0.0066854,0,0.001107,-0.82897,0.2,0.32,282,0.0074149,7.1973,0,0,0,2453700,0,1e-05,0.15,0.15,0.7,0.020056,0.018233,36.8,0.60104,0.82129,185.18,1.3306,4296,0,0,0,0,0,0,0.81,2.0164,369,0,2.0351,0,0,0,9.7125,0.29,0,369.22,-6.3125,196.05,23.438,274.93,197.96,-165.22,145.99,1.1,8.3096,0,0,0.75,6.79,6744,-6,3451.9,100,3.92,2005,4296
361.71,0,-4.5452e-06,0.00083397,0.0046139,-3.047e-08,0.0006379,-0.83254,0.2,0.32,283,0.005,7.263,0,-6.8881e-07,0,2453700,0,1e-05,0.15,0.15,0.7,0.013842,0.012583,36.8,0.6033,0.82129,185.24,1.3963,4296,0,0,0,0,0,0,0.86,2.0171,369,0,2.0359,0,0,0,8.8013,0.29,-1,369.43,-6.6917,197.04,23.438,275.91,198.94,-164.3,146.36,1.1,8.313,0,0,0.75,9.46,6768,-6,3462.9,100,2.52,2005,4296
384.45,0,-3.7222e-06,0.00057556,0.0031843,0,0.00069837,-0.83607,0.2,0.32,284,0.0051992,7.3287,0,0,0,2453700,0,1e-05,0.15,0.15,0.7,0.0095529,0.0086845,36.8,0.60486,0.82129,185.31,1.462,4296,0,0,0,0,0,0,0.82,2.0175,369,0,2.0363,0,0,0,11.752,0.29,0,369.63,-7.0694,198.02,23.438,276.9,199.93,-163.38,146.73,1.1,8.3151,0,0,0.75,13.8,6792,-6,3475.9,100,3.2,2005,4296
375.42,0,-2.3346e-06,0.00039722,0.0021976,0,0.00013503,-0.83954,0.2,0.32,285,0.005,7.3944,0,0,0,2453700,0,1e-05,0.15,0.15,0.7,0.0065929,0.0059936,36.8,0.60594,0.82129,185.37,1.5277,4296,0,0,0,0,0,0,0.94,2.0178,369,0,2.0366,0,0,0,9.0841,0.29,0,369.84,-7.4455,199.01,23.438,277.88,200.92,-162.46,147.09,1.1,8.3165,0,0,0.75,12.1,6816,-6,3490.5,100,2.16,2005,4296
387.13,0,-1.83e-06,0.00027414,0.0015167,0,0.00033603,-0.84297,0.2,0.32,286,0.005,7.4601,0,0,0,2453700,0,1e-05,0.15,0.15,0.7,0.0045501,0.0041365,36.8,0.60668,0.82129,185.43,1.5934,4296,0,0,0,0,0,0,0.82,2.0181,369,0,2.0368,0,0,0,10.04,0.29,0,370.04,-7.8199,200,23.438,278.87,201.9,-161.53,147.45,1.1,8.3176,0,0,0.75,14.3,6840,-6,3505.2,100,2.24,2005,4296
370.7,0,-1.0611e-06,0.0001892,0.0010468,0,5.1109e-05,-0.84634,0.2,0.32,287,0.005,7.5258,0,0,0,2453700,0,1e-05,0.15,0.15,0.7,0.0031403,0.0028548,36.8,0.6072,0.82129,185.49,1.6591,4296,0,0,0,0,0,0,0.96,2.0182,369,0,2.037,0,0,0,6.928,0.29,0,370.24,-8.1925,200.99,23.438,279.86,202.89,-160.6,147.82,1.1,8.3183,0,0,0.75,11.2,6864,-6,3521.5,100,1.34,2005,4296
378.06,0,-7.7882e-07,0.00013058,0.00072241,0,0.00014578,-0.84967,0.2,0.32,288,0.005,7.5915,0,0,0,2453700,0,1e-05,0.15,0.15,0.7,0.0021672,0.0019702,36.8,0.60755,0.82129,185.55,1.7248,4296,0,0,0,0,0,0,0.82,2.0183,369,0,2.0371,0,0,0,11.116,0.29,0,370.45,-8.5632,201.98,23.438,280.84,203.87,-159.68,148.18,1.1,8.3189,0,0,0.75,12.6,6888,-6,3537.3,100,3.09,2005,4296
355.25,0,-3.8988e-07,9.0117e-05,0.00049857,0,0.00019151,-0.85294,0.2,0.32,289,0.005,7.6572,0,0,0,2453700,0,1e-05,0.15,0.15,0.7,0.0014957,0.0013597,36.8,0.60779,0.82129,185.6,1.7906,4296,0,0,0,0,0,0,0.57,2.0184,369,0,2.0372,0,0,0,9.8469,0.29,0,370.65,-8.9319,202.98,23.438,281.83,204.86,-158.74,148.53,1.1,8.3192,0,0,0.75,8.19,6912,-6,3551.7,100,3.44,2005,4296
365.51,0,-3.0938e-07,6.2194e-05,0.00034409,0,0.00013904,-0.85616,0.2,0.32,290,0.005,7.7229,0,0,0,2453700,0,1e-05,0.15,0.15,0.7,0.0010323,0.00093843,36.8,0.60796,0.82129,185.65,1.8563,4296,0,0,0,0,0,0,0.6,2.0185,369,0,2.0372,0,0,0,8.196,0.29,0,370.85,-9.2984,203.97,23.438,282.81,205.84,-157.81,148.89,1.1,8.3195,0,0,0.75,10.2,6936,-6,3563.7,100,2.01,2005,4296
392,0,-3.0055e-07,4.2923e-05,0.00023747,0,0.00010032,-0.85933,0.2,0.32,291,0.005,7.7886,0,0,0,2453700,0,1e-05,0.15,0.15,0.7,0.00071242,0.00064766,36.8,0.60808,0.82129,185.7,1.922,4296,0,0,0,0,0,0,0.69,2.0185,369,0,2.0373,0,0,0,11.723,0.29,0,371.05,-9.6628,204.96,23.438,283.8,206.83,-156.87,149.24,1.1,8.3196,0,0,0.75,15.2,6960,-6,3580.9,100,2.85,2005,4296
378.59,0,-1.7535e-07,2.9624e-05,0.00016389,0,6.5733e-05,-0.86244,0.2,0.32,292,0.005,7.8544,0,0,0,2453700,0,1e-05,0.15,0.15,0.7,0.00049168,0.00044698,36.8,0.60816,0.82129,185.75,1.9877,4296,0,0,0,0,0,0,0.66,2.0185,369,0,2.0373,0,0,0,13.871,0.29,0,371.24,-10.025,205.95,23.438,284.78,207.81,-155.94,149.59,1.1,8.3198,0,0,0.75,12.7,6984,-6,3597.6,100,4.75,2005,4296
366.55,0,-1.0413e-07,2.0445e-05,0.00011311,0,2.6844e-05,-0.86551,0.2,0.32,293,0.005,7.9201,0,0,0,2453700,0,1e-05,0.15,0.15,0.7,0.00033933,0.00030848,36.8,0.60821,0.82129,185.8,2.0534,4296,0,0,0,0,0,0.889,0.76,2.0185,369,0,2.0373,0,0,0,11.643,0.29,0,371.44,-10.384,206.95,23.438,285.77,208.8,-154.99,149.94,1.1,8.3198,0,0,0.75,10.4,7008,-6,3612.3,100,4,2005,4296
356.57,0,-5.7581e-08,1.4339e-05,7.8063e-05,4.8657e-10,4.8285e-06,-0.86852,0.20595,0.32,294,0.0055334,7.9858,0,1.1418e-08,0,2453700,0,1e-05,0.15,0.15,0.7,0.00023419,0.0002129,36.8,0.60825,0.82973,185.84,2.1191,4296,0,0,0,0,0,0.106,0.94,2.0185,369,0,2.0373,0,0,0,13.512,0.29149,1,371.63,-10.741,207.94,23.438,286.75,209.79,-154.05,150.29,1.1,8.3199,0,0,0.76239,8.45,7032,-6,3621.8,100,6.35,2005,4296
347.34,0,-3.3934e-08,9.8434e-06,5.3875e-05,2.8168e-10,4.1747e-06,-0.87148,0.20397,0.32,295,0.005,8.0515,0,7.4182e-09,0,2453700,0,1e-05,0.15,0.15,0.7,0.00016162,0.00014693,36.8,0.60828,0.82691,185.88,2.1848,4296,0,0,0,0,0,0.0106,0.9,2.0185,369,0,2.0373,0,0,0,8.1014,0.29099,1,371.82,-11.096,208.94,23.438,287.74,210.77,-153.1,150.63,1.1,8.3199,0,0,0.75826,6.61,7056,-6,3630.7,100,2.7,2005,4296
334.61,0,-2.2311e-08,6.7642e-06,3.7182e-05,0,5.1829e-06,-0.87438,0.20237,0.32,296,0.005,8.1172,0,0,0,2453700,0,1e-05,0.15,0.15,0.7,0.00011155,0.0001014,36.8,0.6083,0.82465,185.91,2.2505,4296,0,0,0,0,0,0,0.8,2.0186,369,0,2.0373,0,0,0,7.0528,0.29059,0,372.01,-11.447,209.93,23.438,288.73,211.76,-152.15,150.97,1.1,8.3199,0,0,0.75494,4.01,7080,-6,3639.7,100,2.66,2005,4296
341.76,0,-1.3074e-08,4.0511e-06,2.2327e-05,1.0726e-10,1.6618e-06,-0.87724,0.2014,0.32,297,0.0056082,8.1829,0,2.9782e-09,0,2453700,0,1e-05,0.15,0.15,0.7,6.6982e-05,6.0893e-05,52,0.60831,0.82327,185.95,2.3162,4296,0,0,0,0,0,0,0.91,2.0186,369,0,2.0373,0,0,0,12.895,0.29035,1,372.19,-11.796,210.93,23.438,289.71,212.74,-151.2,151.31,1.1,8.32,0,0,0.75291,5.48,7104,-6,3645.2,100,7.65,2005,4296
343.93,0,-9.0817e-09,2.39e-06,1.3199e-05,0,1.9848e-06,-0.88004,0.20067,0.32,298,0.005,8.2486,0,0,0,2453700,0,1e-05,0.15,0.15,0.7,3.9596e-05,3.5996e-05,52,0.60832,0.82224,185.98,2.3819,4296,0,0,0,0,0,0,0.81,2.0186,369,0,2.0373,0,0,0,12.018,0.29017,0,372.38,-12.142,211.92,23.438,290.7,213.73,-150.25,151.65,1.1,8.32,0,0,0.7514,5.92,7128,-6,3651.7,100,6.35,2005,4296
337.37,0,-4.8988e-09,1.4116e-06,7.8021e-06,0,8.4537e-07,-0.88278,0.20035,0.32,299,0.005,8.3143,0,0,0,2453700,0,1e-05,0.15,0.15,0.7,2.3406e-05,2.1278e-05,52,0.60833,0.82178,186,2.4477,4296,0,0,0,0,0,0,0.85,2.0186,369,0,2.0373,0,0,0,5.7722,0.29009,0,372.55,-12.484,212.92,23.438,291.68,214.71,-149.29,151.98,1.1,8.32,0,0,0.75073,4.58,7152,-6,3659.4,100,1.68,2005,4296
352.48,0,-3.506e-09,8.3419e-07,4.6121e-06,0,1.0004e-06,-0.88548,0.20025,0.32,300,0.005,8.38,0,0,0,2453700,0,1e-05,0.15,0.15,0.7,1.3836e-05,1.2578e-05,52,0.60833,0.82164,186.03,2.5134,4296,0,0,0,0,0,0,0.74,2.0186,369,0,2.0373,0,0,0,7.8162,0.29006,0,372.73,-12.824,213.92,23.438,292.67,215.7,-148.33,152.31,1.1,8.32,0,0,0.75051,7.64,7176,-6,3667.1,100,2.28,2005,4296
335.38,0,-2.8256e-09,4.93e-07,2.7264e-06,-5.6129e-11,2.7715e-07,-0.88812,0.20015,0.32,301,0.005,8.4457,0,-1.7304e-09,0,2453700,0,1e-05,0.15,0.15,0.7,8.1791e-06,7.4355e-06,52,0.60833,0.82151,186.05,2.5791,4296,0,0,0,0,0,0,0.85,2.0186,369,0,2.0373,0,0,0,4.4009,0.29004,-5,372.9,-13.16,214.92,23.438,293.65,216.69,-147.36,152.64,1.1,8.32,0,0,0.75032,4.17,7200,-6,3674.5,100,1.02,2005,4296
