"","year","day","solarR","Tmax","Tmin","Tavg","RHmax","RHmin","RHavg","WS","precip"
"1",1990,1,1.34405999999999,-0.139999999999986,-0.79000000000002,-7.81187500000004,1,0.77,0.9075,2.79485096810055,0
"2",1990,2,1.32623999999999,-0.879999999999995,-1.43000000000006,-9.96125000000001,1,0.87,0.966875,2.7526091252377,0.00163700459999996
"3",1990,3,1.33811999999999,1.25999999999999,0.610000000000014,-9.62312500000002,1,0.75,0.90625,1.4758683478332,0.00548502839999997
"4",1990,4,0.827279999999994,1.33999999999997,0.67999999999995,-1.99687500000005,0.98,0.79,0.894375,6.55490518656693,0.00306141120000007
"5",1990,5,1.37105999999999,0.559999999999945,-0.0200000000000387,-6.05562500000002,1,0.78,0.919375,5.9516917135721,0
"6",1990,6,1.42721999999999,1.88999999999999,0.92999999999995,-2.21437500000002,1,0.75,0.91875,6.41501237590658,0.000637794000000085
"7",1990,7,1.19285999999999,3.18999999999994,2.97999999999996,0.585624999999993,1,0.88,0.95,12.3188146259195,0.0148180806000001
"8",1990,8,1.00115999999999,3.66999999999996,3.12,0.729999999999961,0.98,0.76,0.891875,13.1301015495197,0.0126070614
"9",1990,9,1.38887999999999,4.15999999999997,3.90999999999997,1.26062499999995,0.96,0.83,0.899375,18.9644655079849,0.00792990540000002
"10",1990,10,1.37591999999999,4.17999999999995,3.21999999999997,1.03937499999995,0.97,0.69,0.84625,15.1601142127705,0.0957116196000001
"11",1990,11,1.05245999999999,5.27999999999997,4.63999999999999,2.02437499999996,0.91,0.84,0.871875,15.0219990930888,0.00805746420000009
"12",1990,12,0.818639999999995,4.06999999999994,3.91999999999996,1.17249999999996,1,0.77,0.9125,8.41655157958601,0.0930966641999999
"13",1990,13,1.33487999999999,4.56999999999994,3.80999999999995,1.28812499999998,1,0.85,0.93375,12.8136075602437,0.0461125062000003
"14",1990,14,1.44395999999999,3.13,2.96999999999997,0.153124999999932,0.97,0.82,0.895,7.4014933658331,0.00505983240000001
"15",1990,15,1.07243999999999,4.18999999999994,3.83999999999997,1.544375,1,0.86,0.946875,18.6688903710762,0.2439349452
"16",1990,16,1.65401999999999,5.19999999999993,4.38999999999999,1.46062499999999,0.95,0.79,0.883125,16.2587687130935,0.00816376320000001
"17",1990,17,1.7091,4.76999999999998,3.82999999999998,1.57562499999995,1,0.77,0.88875,23.1231626402277,0.2265869484
"18",1990,18,1.53305999999999,4.75,3.65999999999997,1.78874999999994,0.93,0.68,0.823125,20.5011434789578,0.0254905002000001
"19",1990,19,2.32685999999999,3.41999999999996,3.13999999999999,0.328125,0.99,0.8,0.893125,10.3183653324907,0.1070005734
"20",1990,20,2.22533999999999,3.79999999999995,3.16999999999996,0.982499999999959,1,0.85,0.89625,17.8315147027518,0.0322723764
"21",1990,21,2.40461999999999,4.15999999999997,3.39999999999998,-2.75687500000004,0.97,0.82,0.889375,8.51124217502292,4.25195999999319e-05
"22",1990,22,1.54439999999999,6.19999999999993,5.46999999999997,2.23499999999996,1,0.83,0.9425,11.8832354733428,0.1641894354
"23",1990,23,2.20049999999999,5.42999999999995,4.36000000000001,2.5,1,0.87,0.944375,15.8666668238166,0.2597309766
"24",1990,24,2.01365999999999,5.25,4.46999999999997,1.54062499999998,0.97,0.87,0.920625,13.6201555729194,0.0140102082000002
"25",1990,25,2.69568,3.78999999999996,3.44999999999993,0.0143749999999727,1,0.83,0.910625,7.19730064825355,0.0674786052000001
"26",1990,26,1.66373999999999,4.83999999999997,4.32999999999998,1.95374999999996,1,0.77,0.8925,10.5538460735946,0.6232097772
"27",1990,27,2.35385999999999,3.93999999999994,3.65999999999997,-1.18750000000006,1,0.83,0.923125,10.0956237369408,0.0119480076
"28",1990,28,2.43701999999999,5.11000000000001,4.47999999999996,0.587499999999977,1,0.82,0.9025,13.9187198335762,0.3805929396
"29",1990,29,1.78253999999999,5.08999999999997,4.71999999999997,2.34999999999997,0.97,0.78,0.880625,17.5727849312928,0.0975187026000003
"30",1990,30,2.03633999999999,4.46999999999997,4.14999999999998,2.24374999999998,1,0.83,0.9325,12.4969676515686,0.0117141498
"31",1990,31,2.14865999999999,6.37,6.08999999999997,3.51374999999996,1,0.83,0.9125,16.987900494873,0.0518101326000003
"32",1990,32,2.16917999999999,6.88999999999999,6.25999999999999,3.63999999999999,1,0.77,0.895625,13.6829845018815,0.027850338
"33",1990,33,3.28643999999999,5.32999999999998,4.47999999999996,1.67312499999997,0.99,0.84,0.925625,12.7499069409429,0.0731124522
"34",1990,34,2.83553999999999,4.40999999999997,4.25,1.82374999999996,0.96,0.87,0.91375,12.2088192934562,0.0252353826000001
"35",1990,35,3.60665999999999,4.22999999999996,3.83999999999997,1.39374999999995,0.99,0.85,0.944375,9.08271253718529,0.0919061154000001
"36",1990,36,2.24909999999999,5.54999999999995,4.38,2.0675,1,0.84,0.91125,18.0635110696443,0.0228330252000001
"37",1990,37,4.12451999999999,5.66999999999996,5.11000000000001,1.97124999999994,0.93,0.7,0.8525,12.766158274399,0.000999210599999967
"38",1990,38,3.58073999999999,6.19999999999993,5.21999999999997,2.49062499999997,0.95,0.74,0.854375,20.8780695852887,0.1738201248
"39",1990,39,2.26961999999999,6.33999999999997,5.41999999999996,1.32999999999998,0.95,0.83,0.89125,10.463459466955,0.3845260026
"40",1990,40,4.72013999999999,4.19999999999993,3.49000000000001,0.841874999999959,0.95,0.75,0.860625,17.3689067292997,0.00233857800000013
"41",1990,41,3.89933999999999,5.15999999999997,4.84999999999997,2.07875000000001,0.93,0.79,0.854375,12.9321214989724,0.0119692674000001
"42",1990,42,3.17951999999999,4.44999999999993,3.83999999999997,1.24437499999999,0.99,0.83,0.911875,13.9245665354858,0.0426046392
"43",1990,43,4.7871,4.11000000000001,3.75999999999999,1.671875,1,0.81,0.90875,14.7525582200716,0.0752384322000001
"44",1990,44,3.78971999999999,3.91999999999996,3.64999999999998,1.90812499999998,0.97,0.8,0.8975,14.631557831954,0.143184753
"45",1990,45,4.74605999999999,3.38,3.07999999999998,0.0324999999999704,1,0.79,0.921875,2.96538690161344,0.0585707490000002
"46",1990,46,4.97285999999999,2.38,2.02999999999997,-1.54437500000006,1,0.82,0.95,7.0760130724588,0.0290834064000001
"47",1990,47,5.85035999999999,1.91999999999996,1.08999999999997,-4.33312500000005,1,0.84,0.92625,4.48883794242965,0.000425195999999964
"48",1990,48,5.99939999999999,3.55999999999995,3.03999999999996,-2.59625000000005,1,0.81,0.924375,5.02789229171502,0.00499605300000002
"49",1990,49,4.52412,5.56999999999994,4.33999999999997,2.515625,1,0.87,0.938125,9.8881817112313,0.111295053
"50",1990,50,5.79527999999999,6.97999999999996,5.40999999999997,4.453125,1,0.85,0.918125,16.0297895402668,0.0470479374
"51",1990,51,5.08085999999999,9.40999999999997,8.82999999999998,7.28687500000001,1,0.85,0.9,23.8747505324152,0.1590870834
"52",1990,52,5.62032,9.88999999999999,9.19999999999993,6.35437499999995,0.95,0.66,0.82125,15.7100655919223,0.2335814226
"53",1990,53,5.47073999999999,8.86000000000001,8.51999999999998,6.00062499999996,0.86,0.66,0.76375,20.2275169421462,0.00582518519999998
"54",1990,54,7.01189999999999,8.97999999999996,7.89999999999998,6.92249999999996,0.87,0.64,0.755625,19.4811946422564,0.00019133819999997
"55",1990,55,3.27833999999999,9.50999999999999,8.50999999999999,6.61687499999994,0.91,0.72,0.808125,14.8915104757273,0.0652675859999999
"56",1990,56,4.75685999999999,7.78999999999996,7.38,4.41499999999996,1,0.72,0.88,16.2150953019539,0.438695973
"57",1990,57,5.05331999999999,5.01999999999998,4.32999999999998,3.35312499999998,1,0.78,0.909375,16.8355298096742,0.3616079382
"58",1990,58,5.31629999999999,4.49000000000001,3.94999999999993,2.35374999999999,0.99,0.74,0.896875,21.6241236195473,0.2037964428
"59",1990,59,7.85591999999999,5,4.04999999999995,1.26625000000001,0.99,0.77,0.89625,7.14110954719006,2.12597999999659e-05
"60",1990,60,7.59563999999999,3.67999999999995,3.24000000000001,0.0918749999999591,0.99,0.81,0.915,8.10048717682706,0.0227054664
"61",1990,61,7.73819999999999,2.47999999999996,1.96999999999997,-1.40875000000005,1,0.75,0.873125,17.9473662613855,0.00542124900000017
"62",1990,62,9.54989999999999,3.82999999999998,2.09999999999997,-1.61687500000005,1,0.53,0.743125,12.3144709660911,0.0214086186000001
"63",1990,63,5.61923999999999,5.01999999999998,4.33999999999997,2.29562499999997,0.94,0.78,0.86625,16.6596429232548,0.1500516684
"64",1990,64,5.77421999999999,5.58999999999997,4.79999999999995,3.14812499999999,0.87,0.75,0.811875,25.0869495153897,0.0692431686000001
"65",1990,65,8.33219999999999,4.26999999999998,3.58999999999997,1.11499999999995,0.84,0.55,0.72125,19.0906734384101,0.0202393296000001
"66",1990,66,8.97425999999999,6.39999999999998,4.54999999999995,1.89999999999998,0.94,0.57,0.779375,15.1997361061214,0.0659691594000001
"67",1990,67,9.55151999999999,7.24000000000001,5.65999999999997,3.92374999999993,0.9,0.6,0.765,17.9972597266928,0.000361416599999974
"68",1990,68,6.80615999999999,5.00999999999999,4.58999999999997,2.82062499999995,0.95,0.78,0.864375,13.1598631487081,0.3197261322
"69",1990,69,10.95282,4.34999999999997,3.65999999999997,0.493749999999977,0.9,0.47,0.723125,15.0333905606232,0.00873777779999992
"70",1990,70,6.68195999999999,6.05999999999995,4.41999999999996,1.68874999999997,0.96,0.7,0.855625,12.2887101081793,0.2321782758
"71",1990,71,8.64647999999999,6.37,5.18999999999994,3.50312499999995,0.93,0.65,0.786875,20.3155341908866,0.0459424277999999
"72",1990,72,11.92266,3.5,2.33999999999997,-1.17875000000004,0.94,0.5,0.6725,3.85673649915647,0
"73",1990,73,8.61731999999999,3.77999999999997,3.19999999999993,0.875,0.95,0.5,0.754375,14.1728009827743,0.011373993
"74",1990,74,9.52451999999999,8.16999999999996,7.81999999999994,5.21187499999996,1,0.74,0.859375,20.6732464210047,0.0201330306000001
"75",1990,75,7.01999999999999,8.90999999999997,7.70999999999998,4.02749999999997,0.92,0.72,0.834375,18.8674911378885,0.0189212220000001
"76",1990,76,7.63451999999999,10.4499999999999,8.5,3.80499999999995,0.93,0.61,0.800625,13.2118014356245,0.000552754800000037
"77",1990,77,12.4821,13.1799999999999,11.09,6.5,0.93,0.6,0.776875,11.6972415169906,2.12597999999659e-05
"78",1990,78,11.57436,13.54,9.87,7.198125,0.85,0.52,0.71875,18.4678295171583,0.0243849906000001
"79",1990,79,11.87892,7.75,6.53999999999996,4.0625,0.89,0.63,0.75,15.5402072091358,0.0335692242000001
"80",1990,80,4.61753999999998,8.54999999999995,7.66999999999996,5.15312499999993,1,0.76,0.8925,17.6249279085845,0.1973334636
"81",1990,81,11.27088,8.34999999999997,7.22999999999996,5.57562499999995,0.87,0.64,0.7775,21.2107452679348,0.00131810760000001
"82",1990,82,11.1861,7.43999999999994,6.02999999999997,4.31437499999993,0.92,0.72,0.7975,18.2082938485521,0.0740904030000002
"83",1990,83,10.88154,9.32999999999998,7.18999999999994,5.46749999999997,0.94,0.68,0.82125,23.8564838411146,0.0696683646000001
"84",1990,84,12.22344,7.07999999999998,6.20999999999998,4.19124999999997,0.89,0.69,0.79125,9.57845903344372,0.00044645579999993
"85",1990,85,15.19992,6.94999999999993,4.5,1.82187499999998,0.92,0.62,0.779375,5.57370901144507,0
"86",1990,86,15.41862,7.95999999999998,4.75999999999999,2.45999999999998,0.91,0.54,0.726875,5.98813513409075,0
"87",1990,87,15.52932,7.28999999999996,4.36000000000001,2.484375,0.93,0.58,0.765,6.26782637662715,0.000616534200000026
"88",1990,88,16.13574,7.34999999999997,6.13,4.03437499999995,0.93,0.58,0.76375,12.3904212430478,0.00121180860000009
"89",1990,89,13.689,10.86,9.93999999999994,5.86187499999994,0.96,0.63,0.788125,15.7239165471695,0.000297637199999984
"90",1990,90,14.87862,12.62,11.36,7.53625,0.84,0.55,0.708125,14.2182543238432,0
"91",1990,91,14.15124,11.77,10.26,7.484375,0.92,0.66,0.784375,9.00830257739696,0.00503857260000004
"92",1990,92,10.77408,12.5599999999999,11.78,7.03937499999995,1,0.51,0.84875,8.03830829331786,0.2772065322
"93",1990,93,9.60875999999999,11.16,10.24,6.84937500000001,1,0.57,0.81375,18.7356700917041,0.1529217414
"94",1990,94,14.07186,4.53999999999996,4.13999999999999,1.67499999999995,0.98,0.69,0.835625,12.4357305892973,0.1478831688
"95",1990,95,17.53758,6.21999999999997,5.39999999999998,2.1825,1,0.48,0.781875,12.7736120534525,0.0198779130000001
"96",1990,96,14.84514,6.81999999999994,5.99000000000001,3.61812499999996,0.98,0.57,0.77625,12.7044076013332,0.1140163074
"97",1990,97,18.86112,3.79999999999995,2.32999999999998,-1.4325,1,0.52,0.788125,10.080019425036,0.000701573399999982
"98",1990,98,19.47024,4.64999999999998,3.28999999999996,0.428124999999966,1,0.45,0.69625,8.73401158645953,0
"99",1990,99,18.0225,7.84999999999997,5.95999999999998,3.76874999999995,0.86,0.56,0.6975,15.5185095566703,0.000148818600000038
"100",1990,100,18.20826,7.42999999999995,6.19999999999993,4.32499999999999,0.94,0.52,0.7375,12.9705635582405,0.000276377400000018
"101",1990,101,12.46914,9.06999999999994,7.02999999999997,4.12187499999999,0.96,0.74,0.86,4.37979280073508,0.0309117492
"102",1990,102,19.30824,10.1899999999999,8.47999999999996,4.828125,1,0.68,0.89,6.00826483400169,0.000361416600000066
"103",1990,103,16.23132,10.55,8.78999999999996,3.1225,1,0.76,0.895625,2.9197897858966,0.0140314680000001
"104",1990,104,14.97852,10.3,9.12,3.78249999999997,1,0.58,0.8475,11.9300260650308,0.00803620440000003
"105",1990,105,14.03352,10.89,9.51999999999998,5.97124999999994,0.96,0.55,0.7825,11.7470040812502,0.0170716193999999
"106",1990,106,13.97412,8.70999999999998,7.49000000000001,5.645625,0.97,0.62,0.83375,12.9373478509605,0.124901325
"107",1990,107,18.07974,9.11000000000001,8.30999999999995,5.65249999999997,1,0.57,0.863125,8.6922673308173,0.0244912895999999
"108",1990,108,17.81784,9.55999999999995,7.53999999999996,5.05687499999993,0.98,0.57,0.826875,5.27299933986875,0.0247676670000001
"109",1990,109,20.41254,10.4299999999999,8.37,5.86874999999998,0.97,0.54,0.80375,10.9308432260997,0.00172204380000001
"110",1990,110,17.76762,11.8199999999999,9.92999999999995,7.08562499999994,0.98,0.59,0.825,14.2370685545663,0.00167952419999998
"111",1990,111,20.17764,13.83,11.63,7.88749999999993,0.99,0.48,0.769375,11.4275068245492,0
"112",1990,112,21.36564,14.91,12.6799999999999,7.80124999999998,1,0.46,0.78625,4.95666374604484,0
"113",1990,113,20.59398,16.22,12.97,9.010625,0.91,0.38,0.7325,3.76528824173665,0
"114",1990,114,23.0769,15.66,12.88,8.97687499999995,0.95,0.38,0.733125,5.76771174831574,0
"115",1990,115,23.20812,15.91,12.63,9.10437499999995,0.96,0.41,0.7425,3.93079499974211,0
"116",1990,116,23.22648,15.1,13.15,9.37124999999997,0.86,0.36,0.63375,11.2096298888697,0.016051149
"117",1990,117,15.18696,11.3,7.46999999999997,6.10562499999997,0.96,0.67,0.85625,9.01515656935608,0.1674634446
"118",1990,118,23.7681,9.40999999999997,8.07999999999998,5.28999999999996,0.91,0.55,0.768125,8.70802510588719,0.00550628820000003
"119",1990,119,14.84568,13.1799999999999,12,9.13687499999997,0.97,0.71,0.835625,12.4898312987763,0.00960942960000009
"120",1990,120,21.38778,18.29,17,12.380625,0.91,0.49,0.715625,12.3108772480719,0
"121",1990,121,21.5622,20.13,17.42,11.4706249999999,0.84,0.48,0.694375,4.60777856999706,0
"122",1990,122,24.21198,22.08,20.24,14.9193749999999,0.93,0.48,0.70875,6.94028566166322,0
"123",1990,123,24.9345,22.39,20.54,15.319375,0.89,0.43,0.66375,7.76870907538534,0
"124",1990,124,24.95016,24.84,20.4499999999999,14.8568749999999,0.87,0.46,0.683125,1.97999168937186,0
"125",1990,125,25.3017,22.62,20.4399999999999,15.6849999999999,0.95,0.42,0.66,7.34835152959829,0
"126",1990,126,25.48422,21,19.66,14.68875,0.96,0.46,0.69625,6.92490723196726,0
"127",1990,127,25.57224,23.86,20.0699999999999,13.149375,0.93,0.48,0.709375,4.67216748980114,0
"128",1990,128,25.36596,20.17,19.22,12.9193749999999,0.94,0.42,0.7025,4.75401865875887,0
"129",1990,129,25.30548,24.5599999999999,20.23,14.261875,0.92,0.47,0.695625,0.817912363439489,0
"130",1990,130,23.15304,22.65,21.29,15.1425,0.96,0.41,0.674375,5.64101652502366,0
"131",1990,131,19.85256,15.84,13.89,9.80624999999998,0.9,0.57,0.73,11.0539781924406,0
"132",1990,132,27.22734,13.29,11.15,8.02499999999998,0.87,0.42,0.628125,10.2107046580434,0
"133",1990,133,24.25032,14.3,12.58,9.82062499999995,0.77,0.41,0.650625,11.9373194795333,0
"134",1990,134,18.04572,14.3099999999999,13.12,10.154375,1,0.74,0.896875,4.47716877591439,0.0119692674000001
"135",1990,135,23.24646,16.62,15.71,12.3475,1,0.75,0.94,6.84906609986481,0
"136",1990,136,21.33378,15.4299999999999,13.4299999999999,11.07875,1,0.62,0.879375,5.26708580493435,0.1382312196
"137",1990,137,23.75406,10.51,9.44999999999993,7.85812499999997,1,0.72,0.86625,7.25765217924392,0.0686266344000001
"138",1990,138,24.45822,11.03,9.75,7.73249999999996,0.99,0.55,0.808125,8.65377511670806,0.0422857422
"139",1990,139,27.20142,12.47,11.33,8.31124999999997,1,0.54,0.775,4.41506188522967,0
"140",1990,140,27.6939,15.01,13.67,10.9775,1,0.5,0.7075,6.07278714603772,0
"141",1990,141,23.11254,14.85,13.46,10.2681249999999,1,0.55,0.801875,6.61475386484383,0.1240296732
"142",1990,142,23.64066,15.88,12.66,9.06937499999998,1,0.65,0.85375,1.49276684709642,0.0721982808
"143",1990,143,22.79934,14.5699999999999,13,10.4,1,0.56,0.8275,9.2178355652768,0.0994533444000001
"144",1990,144,23.92362,13.49,12.09,9.62937499999998,1,0.63,0.840625,10.0823260661573,0.2334538638
"145",1990,145,18.40914,11.9499999999999,11.4299999999999,8.52562499999999,1,0.72,0.900625,12.0850568780602,0.0650124684000003
"146",1990,146,27.00972,11.25,10.76,8.015625,0.89,0.57,0.789375,12.7607948139321,0
"147",1990,147,26.48214,13.77,10.1799999999999,8.25812499999995,0.9,0.6,0.75,5.66689714790353,0.0459636875999999
"148",1990,148,28.76526,14.86,14.01,9.57749999999999,0.93,0.6,0.77625,7.47094874327804,0
"149",1990,149,27.97362,19.62,15.08,11.920625,0.93,0.52,0.711875,0.726455750836047,0.00204094080000005
"150",1990,150,29.40948,17.17,15.66,12.5024999999999,0.9,0.41,0.626875,5.27493627789157,0
"151",1990,151,26.83098,17.76,16.49,13.295,0.97,0.6,0.788125,6.70161610278039,0.00131810760000001
"152",1990,152,26.3493,18.4,16.85,14.181875,1,0.62,0.848125,5.94091903944082,0
"153",1990,153,19.18566,17.46,16.9399999999999,13.5375,1,0.56,0.831875,9.05463800596674,0
"154",1990,154,24.39612,18.86,17.67,14.4525,0.94,0.5,0.7325,7.54480094881693,0.000659053800000051
"155",1990,155,24.31998,19.41,17.96,14.630625,1,0.35,0.6725,6.57765966470116,0
"156",1990,156,18.52794,19.96,18.8099999999999,15.6625,0.84,0.61,0.739375,6.84259153515437,0
"157",1990,157,29.55042,20.62,17.51,13.843125,0.95,0.56,0.77625,3.30177975472526,0
"158",1990,158,30.024,18.6,16.0599999999999,12.8874999999999,0.94,0.49,0.714375,8.70782008178245,0
"159",1990,159,29.37384,16.3099999999999,15.34,11.9712499999999,0.89,0.54,0.69625,10.6420938761549,0
"160",1990,160,30.45924,20.1899999999999,18.17,13.909375,0.96,0.42,0.654375,5.7595105205498,0
"161",1990,161,30.78162,20.98,19.09,14.449375,0.85,0.37,0.598125,5.7131551644865,0
"162",1990,162,29.4057,25.3199999999999,21.92,17.455,0.86,0.31,0.593125,0.683592824633495,0
"163",1990,163,22.90248,22.83,20.4399999999999,15.615,0.88,0.45,0.626875,1.8957622754033,0.0593361018
"164",1990,164,26.74296,24.6,20.37,15.6224999999999,0.89,0.51,0.67625,2.26512440242565,0
"165",1990,165,22.5963,19.3099999999999,16.66,13.490625,0.85,0.56,0.704375,4.34828384872529,0.0499180104
"166",1990,166,26.01666,22.77,18.4399999999999,15.515,0.88,0.46,0.654375,3.2086051960505,0
"167",1990,167,23.01534,20.08,16.78,14.84,0.92,0.66,0.810625,2.16006170562056,0.3505528422
"168",1990,168,20.96658,15.0599999999999,13.83,12.175,1,0.78,0.938125,5.07400260376598,0.195271263
"169",1990,169,21.82464,14.58,13.85,12.03625,1,0.72,0.88625,3.11846779393049,0.0716880456
"170",1990,170,23.59692,16.26,15.61,13.63375,1,0.58,0.828125,5.95536301851724,0.00614408220000002
"171",1990,171,11.8071,17.59,16.86,14.1956249999999,1,0.59,0.828125,10.4786830000833,0.033590484
"172",1990,172,12.64626,18.49,17.9299999999999,14.5781249999999,0.98,0.57,0.775625,13.134830328218,0.0494928143999999
"173",1990,173,20.40336,18.73,16.37,15.261875,0.93,0.66,0.80375,11.9935108683622,0.063460503
"174",1990,174,21.23388,17.8,16.8099999999999,14.4868749999999,0.98,0.59,0.84125,7.40428666389012,0.0439865262000001
"175",1990,175,26.41788,22.51,18.53,15.965625,0.98,0.66,0.861875,4.93790838389528,0
"176",1990,176,23.58504,19.51,17.5,15.805,1,0.62,0.826875,7.86073897037217,0
"177",1990,177,30.2616,20.27,19.25,15.5887499999999,0.93,0.45,0.655625,11.0444336182225,0
"178",1990,178,30.06396,20.3199999999999,19.1999999999999,15.283125,0.79,0.39,0.621875,3.65275221289701,0
"179",1990,179,11.27034,18.21,17.26,14.949375,1,0.66,0.853125,7.59660904007603,0.3230851806
"180",1990,180,28.90296,17.74,16.76,14.1562499999999,0.96,0.53,0.78375,14.4306895957823,0.0151794971999999
"181",1990,181,30.54348,20.5699999999999,17.4,14.74875,0.94,0.46,0.704375,1.02548298366576,0
"182",1990,182,23.73192,16.47,16.08,14,0.94,0.55,0.718125,11.933957639243,0.0281904948
"183",1990,183,22.5585,17.01,15.28,14.1375,1,0.73,0.88875,10.9746816166308,0.1554516576
"184",1990,184,23.18004,15.87,14.53,13.201875,1,0.64,0.87125,13.1617606606217,0.2334113442
"185",1990,185,28.20636,16.98,15.76,12.895625,1,0.56,0.798125,8.58633794873288,0.0629715276000001
"186",1990,186,25.44102,17.16,15.63,14.065625,0.96,0.53,0.724375,12.1161556828349,0.0771730740000001
"187",1990,187,22.572,16.36,15.41,13.936875,1,0.72,0.90625,9.37170401330638,0.1903389894
"188",1990,188,21.42396,16.26,15.14,14.0131249999999,1,0.87,0.95875,9.61566192122543,0.2444451804
"189",1990,189,25.95564,16.71,16.03,14.306875,1,0.68,0.8925,10.873437685511,0.0326975724000001
"190",1990,190,24.0462,16,14.86,13.77625,1,0.63,0.89875,14.7862624058227,0.117141498
"191",1990,191,22.36248,17.1799999999999,16.6,14.308125,1,0.72,0.88375,9.15445561531568,0.1386564156
"192",1990,192,21.56328,19.03,17.4299999999999,15.025625,1,0.66,0.868125,13.1529298918873,0.0959029578
"193",1990,193,24.3108,18.6899999999999,17.53,14.4675,0.89,0.5,0.71,14.7102021173061,0.016263747
"194",1990,194,22.60764,17.24,16.1999999999999,14.145625,0.85,0.44,0.695625,10.950054192214,0.1325973726
"195",1990,195,25.21098,18.6999999999999,17.78,14.06375,0.91,0.46,0.71125,10.903461874033,0.0234282996000001
"196",1990,196,25.51662,20.65,19.63,16.534375,0.97,0.42,0.69625,14.4688530547042,0.000297637199999984
"197",1990,197,14.87592,19.3,17.98,15.599375,0.98,0.66,0.820625,11.3960380328084,0.112889538
"198",1990,198,20.24028,20.97,19.3099999999999,17.62375,1,0.81,0.918125,10.5825675152306,0.0245975886000002
"199",1990,199,20.05074,19.88,18.0599999999999,17.180625,1,0.7,0.859375,11.0950728418177,0.412652718
"200",1990,200,12.59388,19.16,18.41,16.074375,1,0.6,0.874375,6.6303923297914,0.0444755016000001
"201",1990,201,21.64968,21.97,20.67,17.0912499999999,1,0.6,0.87625,5.0711244984443,0.1625524308
"202",1990,202,19.54854,22.37,20.86,17.848125,1,0.62,0.87125,7.18858544246722,0.3080332422
"203",1990,203,15.9057,16.47,16.22,14.503125,1,0.84,0.935625,10.8396494693102,0.2311578054
"204",1990,204,14.44986,17.38,16.78,15.346875,0.96,0.8,0.891875,9.28763695884422,0.1408036554
"205",1990,205,18.15534,17.83,17.04,15.818125,1,0.92,0.984375,9.42631596750991,0.1608516468
"206",1990,206,26.50806,20.92,19.5599999999999,15.5475,0.99,0.68,0.863125,6.64734747655264,0.000148818599999946
"207",1990,207,26.67978,26.4,21.73,16.781875,1,0.51,0.72875,2.56881151417398,0
"208",1990,208,25.67106,26.02,24.04,20.05875,0.89,0.46,0.630625,3.39986463931485,0
"209",1990,209,25.39512,27.72,24.12,19.87625,0.91,0.47,0.6875,4.47731232379082,0
"210",1990,210,12.69432,23.0599999999999,21.6899999999999,18.360625,0.92,0.57,0.7175,4.09410143469028,0.00184960260000008
"211",1990,211,25.4934,23.77,22.64,18.780625,0.99,0.49,0.73875,7.20306435183672,0
"212",1990,212,16.05312,21.38,20.33,17.660625,0.94,0.61,0.815625,7.21160945819926,0.1035990054
"213",1990,213,22.0752,22.0599999999999,21.05,17.30125,1,0.66,0.885625,6.61400481183647,0.00355038660000003
"214",1990,214,22.12542,26.04,23.17,19.2293749999999,1,0.55,0.824375,2.13091970773005,0
"215",1990,215,24.9696,25.6,24.27,20.348125,0.96,0.41,0.66125,8.35441173917639,0
"216",1990,216,23.72652,26.6899999999999,25.89,21.20125,0.79,0.42,0.623125,13.7625863943608,0
"217",1990,217,15.8328,21.59,20.05,16.7412499999999,0.84,0.52,0.696875,13.8823449514087,0.0998572806000001
"218",1990,218,20.01078,17.79,16.63,14.28125,0.97,0.59,0.83125,9.53983647276096,0.1677610818
"219",1990,219,20.93958,20.1,17.25,15.0024999999999,0.98,0.71,0.863125,5.34424273741461,0.1452469536
"220",1990,220,17.96472,16.9499999999999,16.3099999999999,14.37375,0.98,0.67,0.88875,11.829260050763,0.1174391352
"221",1990,221,19.20888,18.84,17.64,14.6668749999999,1,0.81,0.92875,6.07284379994853,0.2346869322
"222",1990,222,22.00716,22.87,19.66,15.370625,1,0.53,0.813125,3.13187893427552,0.058358151
"223",1990,223,22.60062,22.54,20.71,17.558125,0.97,0.49,0.696875,4.77054966609473,0
"224",1990,224,14.46174,21.02,19.9399999999999,17.61125,0.98,0.67,0.84125,6.06618474162552,0.0299763180000001
"225",1990,225,14.86944,21.79,20.96,17.68875,0.99,0.64,0.86125,6.97350954008993,0.00121180859999999
"226",1990,226,18.0225,21.29,20.34,17.844375,1,0.61,0.88375,6.34670452600749,0.0437739282
"227",1990,227,17.415,22.3,20.6799999999999,17.83,1,0.61,0.859375,4.80060259527501,0
"228",1990,228,8.52875999999999,20.58,18.96,17.4918749999999,1,0.7,0.886875,10.7209044502054,0.0688179726000001
"229",1990,229,18.15426,18.25,17.6899999999999,15.901875,1,0.68,0.915625,7.66957535137386,0.0740478834000001
"230",1990,230,19.83474,18.03,16.97,15.33375,1,0.62,0.856875,10.027228642945,0.046877859
"231",1990,231,15.96942,17.03,16.24,14.639375,0.99,0.72,0.881875,5.81653241313209,0.3319079976
"232",1990,232,16.94466,16.62,16.04,14.0425,1,0.64,0.88,11.8137982335,0.1170139392
"233",1990,233,17.53272,18.77,17.37,15.49875,0.96,0.65,0.81625,8.96856355782138,0.0647998704
"234",1990,234,19.81746,20.98,18.71,16.81875,1,0.52,0.759375,8.49003791071137,0.000212598000000028
"235",1990,235,20.83752,18.73,16.98,14.84375,0.89,0.41,0.648125,12.6537704696024,0.011586591
"236",1990,236,12.71376,16.99,15.9,13.80875,0.91,0.56,0.72875,5.68094879511251,0.00335904839999997
"237",1990,237,9.87443999999999,18.05,16.8099999999999,14.429375,0.98,0.79,0.895625,4.65692709318132,0.3222773082
"238",1990,238,19.77372,17.98,16.23,12.561875,0.99,0.53,0.771875,9.28306714675778,0.0120330468
"239",1990,239,17.73306,19.89,17.72,14.426875,0.91,0.47,0.68875,5.97731704888916,0
"240",1990,240,13.09446,21.58,19.35,16.641875,0.99,0.53,0.775625,5.71993604104071,0.00882281699999997
"241",1990,241,12.66408,23.6999999999999,21.24,17.536875,1,0.46,0.76875,4.99098191319554,0
"242",1990,242,18.34002,22.64,20.54,17.165,1,0.47,0.7775,8.30054423064458,0
"243",1990,243,11.92374,19.48,17.8099999999999,16.04875,1,0.7,0.8575,9.3015580319655,0.00012755879999998
"244",1990,244,5.17859999999999,16.34,16.25,14.52125,0.96,0.81,0.885625,7.75454434481296,0.1412288514
"245",1990,245,8.79659999999998,16.1999999999999,15.4,13.80875,1,0.82,0.909375,6.40451446079924,0.058783347
"246",1990,246,17.5986,15.28,13.8099999999999,12.243125,0.97,0.76,0.861875,10.2140688804709,0.0120755664000003
"247",1990,247,15.2388,14.6899999999999,13.21,10.9775,0.98,0.57,0.793125,9.44727972736887,0.000170078400000004
"248",1990,248,15.45534,14.25,13.5699999999999,11.078125,0.93,0.53,0.703125,5.60589268036748,0.0170503596
"249",1990,249,14.2668,15.03,14.3,11.834375,0.97,0.53,0.77,8.08012219931069,0.00539998920000002
"250",1990,250,12.33576,15.09,14.3199999999999,12.22,1,0.67,0.873125,4.17019422092884,0.1535807952
"251",1990,251,11.28924,15.51,14.67,12.2368749999999,1,0.73,0.88625,0.364180975968918,0.2196987732
"252",1990,252,11.85138,15.21,14.86,12.8175,1,0.81,0.935625,9.15646705224634,0.2962340532
"253",1990,253,10.89882,14.9299999999999,14.65,12.49875,0.99,0.86,0.931875,12.8480515189108,0.1651248666
"254",1990,254,14.7636,15.1999999999999,13.24,10.908125,0.96,0.76,0.848125,6.78068328463827,0.0306778914
"255",1990,255,11.5074,14.61,13.87,10.9375,0.86,0.56,0.74,2.66710847932166,0.0149668992000001
"256",1990,256,10.09368,16.0699999999999,14.36,11.994375,1,0.61,0.8125,4.82808878927397,0.000233857799999994
"257",1990,257,13.46274,16.28,15.09,12.318125,0.98,0.62,0.808125,13.9999210051751,0.0376936254
"258",1990,258,9.45161999999999,14.62,14.01,11.521875,0.81,0.55,0.69875,19.0463964232133,0.0105873804
"259",1990,259,14.67936,15.04,13.46,9.46999999999997,0.92,0.6,0.765625,5.26517672918632,0.00335904840000006
"260",1990,260,12.84012,14.72,13.42,10.6925,1,0.57,0.77875,7.75870360501479,0.00406062180000004
"261",1990,261,9.82691999999999,14.49,13.0599999999999,10.660625,0.99,0.66,0.84625,6.08679717201604,0.0726447366000001
"262",1990,262,3.44465999999999,13.9299999999999,13.3099999999999,11.3831249999999,1,0.89,0.961875,17.7259337325227,0.6819718644
"263",1990,263,10.54512,12.97,12.58,9.73062499999997,1,0.8,0.9075,14.5736754123189,0.1988641692
"264",1990,264,9.75455999999999,11.25,11.09,8.635625,1,0.83,0.9325,10.9379805762756,0.3716850834
"265",1990,265,9.25937999999999,11.72,11.3199999999999,9.21249999999998,1,0.9,0.944375,10.4911475588387,0.4239416718
"266",1990,266,8.13077999999999,11.1899999999999,10.79,7.60562499999997,1,0.83,0.9175,10.1610188842657,0.1878728526
"267",1990,267,9.32687999999998,11.4,11.14,7.61249999999995,0.96,0.77,0.89,12.9725511625911,0.1162698462
"268",1990,268,6.70625999999999,10.9399999999999,10.6799999999999,7.37812499999995,1,0.87,0.92875,13.6823476452968,0.384270885
"269",1990,269,9.86579999999999,9.63,9.02999999999997,5.53874999999994,1,0.72,0.875,11.491662099163,0.046877859
"270",1990,270,12.2823,10.1799999999999,9.28999999999996,6.15812499999993,1,0.6,0.793125,10.0981453762669,0
"271",1990,271,8.51687999999999,12.88,12.6799999999999,10.158125,0.98,0.81,0.903125,13.37475145522,0.0145204434
"272",1990,272,5.49125999999999,13.77,13.0699999999999,10.961875,1,0.88,0.960625,9.50353279456,0.1693555668
"273",1990,273,10.93284,13.25,11.6799999999999,8.54812499999997,1,0.74,0.89,3.28227015805534,0.011267694
"274",1990,274,7.12745999999999,10.29,10.14,5.86062499999991,0.98,0.69,0.90125,6.71601059225629,0.1623398328
"275",1990,275,6.79373999999999,11.4499999999999,10.86,8.073125,0.99,0.75,0.88375,7.90746289152417,0.0508959612000002
"276",1990,276,6.67979999999999,13.51,12.78,11.13625,1,0.84,0.94125,10.7225795002099,0.0419668452000001
"277",1990,277,4.43231999999999,13.33,12.42,11.0181249999999,1,0.78,0.9125,10.798154094383,0.1479044286
"278",1990,278,8.74259999999999,12,11.48,9.24874999999997,0.99,0.78,0.904375,12.3939757443027,0.1911043422
"279",1990,279,8.69993999999999,12.6,12.0599999999999,8.916875,0.99,0.84,0.900625,7.37614190613958,0.0608668074
"280",1990,280,4.47767999999999,11.6899999999999,11.23,8.07624999999996,0.97,0.89,0.92875,4.02019260356123,0.2583703494
"281",1990,281,8.63189999999999,9.33999999999997,7.71999999999997,5.12812500000001,0.98,0.61,0.836875,8.65394096973338,0.00289133279999998
"282",1990,282,3.22703999999999,12.38,12.12,10.096875,0.99,0.78,0.878125,24.1799249944782,0.2043917172
"283",1990,283,6.98057999999999,12.04,10.74,8.48062499999997,0.89,0.62,0.75375,19.780473215625,0.034866072
"284",1990,284,8.35433999999999,10.9299999999999,10.54,7.48249999999996,0.95,0.6,0.83125,9.40912597808722,0
"285",1990,285,7.86617999999999,10.1799999999999,9.25999999999999,6.69562499999995,0.97,0.72,0.846875,2.51733127163668,0
"286",1990,286,6.27425999999999,12.6999999999999,11.35,9.38312499999995,0.99,0.75,0.8875,9.21431852326786,0.00176456340000003
"287",1990,287,7.70903999999999,13.23,11.53,10.025,1,0.8,0.896875,6.11526951341178,0
"288",1990,288,6.27263999999999,14.27,13.27,11.51,1,0.86,0.943125,5.22680734712867,0.000106299000000014
"289",1990,289,6.98381999999999,15.92,15.13,12.9968749999999,1,0.77,0.881875,12.3041685607192,0
"290",1990,290,7.03511999999999,13.5699999999999,11.85,10.06,0.94,0.66,0.819375,5.03235879935771,0
"291",1990,291,5.21369999999999,11.0599999999999,10.64,8.61562499999997,0.97,0.83,0.899375,9.3129871551462,0.0047196756
"292",1990,292,3.59693999999999,10.25,10.08,6.864375,1,0.85,0.9425,12.9562302202606,0.0485361234000001
"293",1990,293,6.55181999999999,7.77999999999997,7.44999999999993,4.35874999999999,0.99,0.72,0.8725,14.0337138902411,0.00235983780000009
"294",1990,294,6.68681999999999,7.42999999999995,6.38,2.59124999999995,0.98,0.59,0.789375,7.92308737976614,0
"295",1990,295,6.49673999999999,7.62,6.97999999999996,4.02749999999997,1,0.66,0.838125,10.4622505377518,0
"296",1990,296,6.25481999999999,7.62,7.22999999999996,3.86937499999999,1,0.78,0.915,7.20431537718682,0
"297",1990,297,6.23159999999999,7.70999999999998,7.32999999999998,1.15187499999996,1,0.79,0.9225,2.62657809658228,0
"298",1990,298,6.06149999999999,8.75999999999999,8.42999999999995,1.25937499999998,1,0.75,0.889375,2.86850905547782,0
"299",1990,299,5.54201999999999,8.75,8.05999999999995,3.76999999999998,1,0.82,0.898125,5.81035551308408,0
"300",1990,300,5.02955999999999,9.20999999999998,9.02999999999997,6.24937499999999,1,0.68,0.856875,14.1191860430082,0.0132661152
"301",1990,301,4.49495999999999,8.91999999999996,8.53999999999996,6.95249999999999,0.99,0.74,0.89125,20.4645225629089,0.1001549178
"302",1990,302,3.40415999999999,8.59999999999997,8.30999999999995,6.48687499999994,0.99,0.82,0.90625,27.2600704584703,0.4212416772
"303",1990,303,3.74759999999999,9.55999999999995,8.72999999999996,6.62124999999997,0.98,0.84,0.910625,10.255773084818,0.3564630666
"304",1990,304,2.84903999999999,7.42999999999995,7,4.03562499999998,1,0.9,0.959375,3.30591472375547,0.0547865046000003
"305",1990,305,3.51485999999999,6.97999999999996,6.70999999999998,3.05437499999994,0.99,0.86,0.943125,6.17718025915935,0.0125858016
"306",1990,306,3.20327999999999,6.58999999999997,5.87,2.54562499999997,1,0.87,0.93375,5.20300590742705,0.0025299162
"307",1990,307,4.01273999999999,5.84999999999997,5.52999999999997,2.08499999999998,0.95,0.8,0.889375,7.61683313081794,8.5039199999956e-05
"308",1990,308,3.28427999999999,6.31999999999994,5.70999999999998,2.94499999999994,1,0.85,0.93,9.50974487964409,0.00274251419999994
"309",1990,309,4.06349999999999,5.38999999999999,5.11000000000001,2.47812499999998,0.97,0.79,0.89,11.1581266973008,0.000148818600000038
"310",1990,310,3.81725999999999,8.5,8.07999999999998,5.34937499999995,0.91,0.74,0.825,12.956211560191,0
"311",1990,311,2.75237999999999,8.59999999999997,8.40999999999997,5.83812499999999,0.95,0.74,0.84,15.14406999065,0
"312",1990,312,2.85335999999999,9,8.70999999999998,6.57437499999997,1,0.75,0.8675,11.1153667524428,0
"313",1990,313,3.50081999999999,7.75999999999999,7.22999999999996,4.04437499999995,1,0.76,0.90625,9.60676154223673,0
"314",1990,314,3.28157999999999,6.53999999999996,6.00999999999999,2.51812499999994,1,0.87,0.95875,8.85976092120485,0.000616534200000026
"315",1990,315,3.16925999999999,5.37,4.89999999999998,1.29124999999993,0.99,0.78,0.90625,5.57794596072313,0
"316",1990,316,3.25187999999999,4.97999999999996,4.41999999999996,-0.0868750000000205,1,0.65,0.86625,4.3998340797799,0
"317",1990,317,2.75993999999999,7.34999999999997,6.41999999999996,3.79499999999996,1,0.86,0.951875,6.41758004998195,0.00488975400000019
"318",1990,318,0.907199999999993,8.56999999999994,8.42999999999995,6.36374999999992,1,0.91,0.974375,6.65433235860373,0.5596217154
"319",1990,319,1.14587999999999,8.42999999999995,8.24000000000001,5.48624999999993,1,0.9,0.968125,4.4251900823532,0.0966895704000002
"320",1990,320,2.08709999999999,8.95999999999998,8.57999999999998,6.69312500000001,0.98,0.87,0.938125,11.6325175569853,0.2251838016
"321",1990,321,1.53845999999999,8.89999999999998,8.26999999999998,5.26625000000001,1,0.81,0.904375,18.6413213743062,0.14031468
"322",1990,322,1.73177999999999,7.28999999999996,6.83999999999997,4.29812499999997,0.95,0.81,0.885625,10.6145555819701,6.377939999999e-05
"323",1990,323,1.91915999999999,6.03999999999996,5.67999999999995,1.88937499999997,1,0.88,0.936875,5.74464210119582,0.00012755879999998
"324",1990,324,1.85597999999999,4,3.57999999999998,-0.527500000000032,1,0.78,0.91375,10.5556567122852,0.0206857854000001
"325",1990,325,2.01203999999999,3.68999999999994,3.08999999999997,-2.895625,1,0.82,0.931875,14.3422252306363,0.0419668452000002
"326",1990,326,2.25449999999999,3.15999999999997,1.13999999999999,-4.63250000000005,1,0.64,0.83375,4.3715849321819,0.0163487862000001
"327",1990,327,2.24423999999999,5.25,4.07999999999998,-3.26625000000001,1,0.77,0.898125,5.36421666741645,6.377939999999e-05
"328",1990,328,0.957419999999993,5.87,5.36000000000001,2.80812499999996,1,0.73,0.90875,19.078493963516,0.420518844
"329",1990,329,1.5039,5.41999999999996,5.04999999999995,1.51687499999991,1,0.87,0.94125,5.50599406805395,0.0986242122000002
"330",1990,330,1.83221999999999,4.29999999999995,4.03999999999996,-0.333125000000052,1,0.9,0.98125,7.76739860619167,0.00518739120000008
"331",1990,331,1.65077999999999,3.87,3.40999999999997,-0.108750000000043,1,0.88,0.946875,8.7551642500732,0.00308267100000004
"332",1990,332,1.20203999999999,5.75999999999999,4.77999999999997,1.80499999999995,1,0.83,0.931875,10.36224004167,0.00019133819999997
"333",1990,333,1.44017999999999,6.63999999999999,6.15999999999997,3.26937499999997,1,0.83,0.923125,17.3254865162434,0.0676699434
"334",1990,334,1.66266,2.78999999999996,2.47999999999996,-0.872500000000002,0.94,0.75,0.846875,14.6940390732435,0.00180708299999996
"335",1990,335,1.45313999999999,6.47999999999996,5.79999999999995,2.68624999999997,1,0.78,0.88875,12.5994434067655,0
"336",1990,336,0.875879999999992,8.71999999999997,7.81999999999994,6.02999999999997,1,0.73,0.89125,19.1475473096772,0.000106299000000014
"337",1990,337,1.09835999999999,9.03999999999996,8.63,6.15812499999998,0.96,0.76,0.879375,22.3408392382416,0.019559016
"338",1990,338,1.20095999999999,5.95999999999998,5.33999999999997,2.29812499999997,0.95,0.67,0.801875,16.1682957339819,0.000446455800000022
"339",1990,339,1.52927999999999,3.08999999999997,2.93999999999994,-1.12187500000005,0.98,0.71,0.8225,11.2170202345737,0
"340",1990,340,1.19609999999999,5.86000000000001,5.45999999999998,2.676875,1,0.69,0.861875,18.2411466071764,0.0106936794000001
"341",1990,341,0.706859999999993,7.13999999999999,6.50999999999999,4.229375,0.99,0.82,0.9025,12.4389097225329,0.0594211410000001
"342",1990,342,0.75329999999999,6.37,5.66999999999996,1.31062499999996,1,0.82,0.938125,7.95741126553338,0.1357650828
"343",1990,343,0.797579999999992,4.61000000000001,4.33999999999997,0.55374999999998,1,0.78,0.92875,10.7839213284473,0.105554907
"344",1990,344,0.918539999999992,4.83999999999997,4.50999999999999,-0.68062500000002,1,0.82,0.931875,6.308266908828,0.0506621034000003
"345",1990,345,1.19339999999999,3.40999999999997,3.16999999999996,-2.90437500000002,1,0.84,0.925625,3.94315215796884,0.0237259368000002
"346",1990,346,0.948779999999992,4.63999999999999,4.28999999999996,0.598749999999995,1,0.9,0.966875,3.19937569416018,0.0261070344000001
"347",1990,347,1.28735999999999,3.68999999999994,3.01999999999998,-2.8175,1,0.74,0.9,12.6118469421735,0.00244487700000014
"348",1990,348,0.846179999999994,3.61000000000001,3.27999999999997,-1.015625,0.98,0.76,0.891875,4.88385791804221,0.00104173019999999
"349",1990,349,1.24577999999999,3.04999999999995,2.70999999999998,-3.56125000000003,1,0.77,0.893125,1.11807541825847,0
"350",1990,350,1.16099999999999,3.68999999999994,3.38999999999999,0.298749999999984,1,0.78,0.9425,5.7369880782262,0.000744093000000099
"351",1990,351,1.21337999999999,4.42999999999995,4.14999999999998,-4.43687499999999,1,0.88,0.97,2.56786593041458,0.00278503380000015
"352",1990,352,1.20743999999999,2.93999999999994,2.50999999999999,-1.02375000000006,1,0.87,0.96125,6.49742625098048,0.0137338308000001
"353",1990,353,0.963359999999993,2.96999999999997,2.51999999999998,-0.0912500000000591,1,0.87,0.949375,8.91469844197452,0.0780872454000003
"354",1990,354,1.07351999999999,2.92999999999995,2.72999999999996,-1.15687500000001,1,0.9,0.965625,11.5719208069608,0.0768116574
"355",1990,355,1.22795999999999,2.08999999999997,1.80999999999995,-3.71125000000001,1,0.83,0.924375,9.07866472994805,0.00665431740000013
"356",1990,356,1.24361999999999,2.31999999999994,0.979999999999961,-4.10187500000001,1,0.77,0.920625,6.32606065850589,0.1071706518
"357",1990,357,0.400139999999995,4.66999999999996,4.38,1.59437499999996,1,0.82,0.940625,14.6285736222434,0.1784547612
"358",1990,358,0.925019999999994,5.16999999999996,4.47999999999996,1.56312499999996,1,0.8,0.936875,15.573186397908,0.0132023358000001
"359",1990,359,1.09025999999999,2.49000000000001,2.30999999999995,0.604999999999961,1,0.79,0.943125,17.5210042546904,0.0611006652000001
"360",1990,360,0.727919999999994,3.81999999999994,3.11000000000001,1.07874999999996,1,0.74,0.94125,21.6635280638124,0.1305989514
"361",1990,361,0.74303999999999,5.56999999999994,4.80999999999995,2.44874999999996,1,0.81,0.915625,20.3951143504144,0.2312641044
"362",1990,362,1.08053999999999,4.58999999999997,4.29999999999995,1.25374999999997,0.97,0.81,0.89,13.0652511020963,0.00389054340000004
"363",1990,363,0.776519999999991,5,4.33999999999997,1.38187499999998,1,0.86,0.938125,20.1775268549656,0.2724230772
"364",1990,364,0.968759999999993,4.66999999999996,4.18999999999994,0.98562499999997,0.99,0.77,0.88375,17.6804299368066,0.0240660936000001
"365",1990,365,1.12697999999999,4.5,4.02999999999997,-0.308750000000032,0.99,0.79,0.890625,11.5506143540222,0.0013181076000001
